"GEO_ID","NAME","B19013_001E","B19013_001M"
"id","Geographic Area Name","Estimate!!Median household income in the past 12 months (in 2018 inflation-adjusted dollars)","Margin of Error!!Median household income in the past 12 months (in 2018 inflation-adjusted dollars)"
"1400000US48085031625","Census Tract 316.25, Collin County, Texas","101250","20655"
"1400000US48085031633","Census Tract 316.33, Collin County, Texas","96188","6663"
"1400000US48085031636","Census Tract 316.36, Collin County, Texas","101466","16351"
"1400000US48085032008","Census Tract 320.08, Collin County, Texas","86615","8416"
"1400000US48085031505","Census Tract 315.05, Collin County, Texas","122575","10078"
"1400000US48085031611","Census Tract 316.11, Collin County, Texas","84302","12412"
"1400000US48085031621","Census Tract 316.21, Collin County, Texas","73827","10621"
"1400000US48085031629","Census Tract 316.29, Collin County, Texas","72198","9361"
"1400000US48085031631","Census Tract 316.31, Collin County, Texas","86977","18110"
"1400000US48085031643","Census Tract 316.43, Collin County, Texas","81328","12914"
"1400000US48085031645","Census Tract 316.45, Collin County, Texas","163125","14190"
"1400000US48085031647","Census Tract 316.47, Collin County, Texas","90962","13506"
"1400000US48085032003","Census Tract 320.03, Collin County, Texas","39602","7006"
"1400000US48085031648","Census Tract 316.48, Collin County, Texas","121906","13685"
"1400000US48085031630","Census Tract 316.30, Collin County, Texas","125938","21819"
"1400000US48085031652","Census Tract 316.52, Collin County, Texas","76646","8845"
"1400000US48085031704","Census Tract 317.04, Collin County, Texas","73984","12026"
"1400000US48085031706","Census Tract 317.06, Collin County, Texas","241667","40551"
"1400000US48085031708","Census Tract 317.08, Collin County, Texas","63816","11332"
"1400000US48085031632","Census Tract 316.32, Collin County, Texas","65320","15382"
"1400000US48085031635","Census Tract 316.35, Collin County, Texas","71036","9530"
"1400000US48085031638","Census Tract 316.38, Collin County, Texas","160139","17548"
"1400000US48085031805","Census Tract 318.05, Collin County, Texas","124425","9071"
"1400000US48085031100","Census Tract 311, Collin County, Texas","69449","12384"
"1400000US48085031634","Census Tract 316.34, Collin County, Texas","70972","22711"
"1400000US48085031641","Census Tract 316.41, Collin County, Texas","145500","14024"
"1400000US48085031709","Census Tract 317.09, Collin County, Texas","78409","13629"
"1400000US48085032009","Census Tract 320.09, Collin County, Texas","128643","17849"
"1400000US48085031802","Census Tract 318.02, Collin County, Texas","68487","10305"
"1400000US48085031001","Census Tract 310.01, Collin County, Texas","60938","7349"
"1400000US48085031653","Census Tract 316.53, Collin County, Texas","92788","11423"
"1400000US48085030601","Census Tract 306.01, Collin County, Texas","103068","9525"
"1400000US48085030100","Census Tract 301, Collin County, Texas","71917","13598"
"1400000US48085031612","Census Tract 316.12, Collin County, Texas","106980","6446"
"1400000US48085031637","Census Tract 316.37, Collin County, Texas","159469","18140"
"1400000US48085031649","Census Tract 316.49, Collin County, Texas","126759","13932"
"1400000US48085032004","Census Tract 320.04, Collin County, Texas","55519","13595"
"1400000US48085031627","Census Tract 316.27, Collin County, Texas","84803","18729"
"1400000US48085031639","Census Tract 316.39, Collin County, Texas","104167","8794"
"1400000US48085031642","Census Tract 316.42, Collin County, Texas","125708","11466"
"1400000US48085031646","Census Tract 316.46, Collin County, Texas","153571","32605"
"1400000US48085031804","Census Tract 318.04, Collin County, Texas","63684","9154"
"1400000US48085031504","Census Tract 315.04, Collin County, Texas","100269","9156"
"1400000US48085031506","Census Tract 315.06, Collin County, Texas","61239","7834"
"1400000US48085031624","Census Tract 316.24, Collin County, Texas","53892","8122"
"1400000US48085031622","Census Tract 316.22, Collin County, Texas","102530","10125"
"1400000US48085030900","Census Tract 309, Collin County, Texas","33250","5047"
"1400000US48085031613","Census Tract 316.13, Collin County, Texas","103849","10120"
"1400000US48085031623","Census Tract 316.23, Collin County, Texas","68068","10082"
"1400000US48085031640","Census Tract 316.40, Collin County, Texas","91193","19049"
"1400000US48085031626","Census Tract 316.26, Collin County, Texas","119318","15134"
"1400000US48085031628","Census Tract 316.28, Collin County, Texas","75385","11897"
"1400000US48085030528","Census Tract 305.28, Collin County, Texas","95078","15068"
"1400000US48085030529","Census Tract 305.29, Collin County, Texas","103594","21909"
"1400000US48085030530","Census Tract 305.30, Collin County, Texas","106694","8169"
"1400000US48085030531","Census Tract 305.31, Collin County, Texas","131405","4233"
"1400000US48085030603","Census Tract 306.03, Collin County, Texas","78630","10692"
"1400000US48085030604","Census Tract 306.04, Collin County, Texas","91932","16807"
"1400000US48085030605","Census Tract 306.05, Collin County, Texas","82224","5396"
"1400000US48085030701","Census Tract 307.01, Collin County, Texas","54005","6697"
"1400000US48085030702","Census Tract 307.02, Collin County, Texas","53938","6537"
"1400000US48085030801","Census Tract 308.01, Collin County, Texas","49912","6390"
"1400000US48085030802","Census Tract 308.02, Collin County, Texas","44870","3639"
"1400000US48085031003","Census Tract 310.03, Collin County, Texas","73313","12399"
"1400000US48085031004","Census Tract 310.04, Collin County, Texas","64813","9448"
"1400000US48085031201","Census Tract 312.01, Collin County, Texas","73125","5311"
"1400000US48085031202","Census Tract 312.02, Collin County, Texas","99375","9758"
"1400000US48085031308","Census Tract 313.08, Collin County, Texas","103529","17376"
"1400000US48085031309","Census Tract 313.09, Collin County, Texas","85571","18123"
"1400000US48085031310","Census Tract 313.10, Collin County, Texas","76366","5829"
"1400000US48085031311","Census Tract 313.11, Collin County, Texas","97703","8949"
"1400000US48085031312","Census Tract 313.12, Collin County, Texas","115357","14678"
"1400000US48085031313","Census Tract 313.13, Collin County, Texas","147813","27339"
"1400000US48085031314","Census Tract 313.14, Collin County, Texas","138882","11240"
"1400000US48085031315","Census Tract 313.15, Collin County, Texas","107290","15543"
"1400000US48085031316","Census Tract 313.16, Collin County, Texas","124923","12448"
"1400000US48085031317","Census Tract 313.17, Collin County, Texas","118339","11078"
"1400000US48085031405","Census Tract 314.05, Collin County, Texas","165336","21488"
"1400000US48085031406","Census Tract 314.06, Collin County, Texas","112304","11604"
"1400000US48085031407","Census Tract 314.07, Collin County, Texas","111731","19633"
"1400000US48085031408","Census Tract 314.08, Collin County, Texas","122575","6516"
"1400000US48085031409","Census Tract 314.09, Collin County, Texas","107218","6837"
"1400000US48085031410","Census Tract 314.10, Collin County, Texas","110625","7333"
"1400000US48085031411","Census Tract 314.11, Collin County, Texas","128059","13152"
"1400000US48085031507","Census Tract 315.07, Collin County, Texas","79706","9676"
"1400000US48085031508","Census Tract 315.08, Collin County, Texas","69000","9719"
"1400000US48085031654","Census Tract 316.54, Collin County, Texas","164038","22900"
"1400000US48085031655","Census Tract 316.55, Collin County, Texas","92176","21950"
"1400000US48085031656","Census Tract 316.56, Collin County, Texas","85625","42091"
"1400000US48085031657","Census Tract 316.57, Collin County, Texas","68750","10046"
"1400000US48085031658","Census Tract 316.58, Collin County, Texas","77890","10027"
"1400000US48085031659","Census Tract 316.59, Collin County, Texas","80772","8191"
"1400000US48085031660","Census Tract 316.60, Collin County, Texas","97757","16735"
"1400000US48085031661","Census Tract 316.61, Collin County, Texas","139615","13384"
"1400000US48085031662","Census Tract 316.62, Collin County, Texas","144050","16420"
"1400000US48085031663","Census Tract 316.63, Collin County, Texas","126667","25362"
"1400000US48085031664","Census Tract 316.64, Collin County, Texas","141875","37995"
"1400000US48085031711","Census Tract 317.11, Collin County, Texas","80697","8911"
"1400000US48085031712","Census Tract 317.12, Collin County, Texas","61094","12568"
"1400000US48085031713","Census Tract 317.13, Collin County, Texas","56852","6357"
"1400000US48085031714","Census Tract 317.14, Collin County, Texas","42439","6499"
"1400000US48085031900","Census Tract 319, Collin County, Texas","61935","4982"
"1400000US48085030507","Census Tract 305.07, Collin County, Texas","138077","9419"
"1400000US48085030508","Census Tract 305.08, Collin County, Texas","127649","16879"
"1400000US48085030509","Census Tract 305.09, Collin County, Texas","120625","6647"
"1400000US48085030510","Census Tract 305.10, Collin County, Texas","95000","7232"
"1400000US48085030511","Census Tract 305.11, Collin County, Texas","153824","11900"
"1400000US48085030512","Census Tract 305.12, Collin County, Texas","179909","6294"
"1400000US48085030513","Census Tract 305.13, Collin County, Texas","78690","13471"
"1400000US48085030514","Census Tract 305.14, Collin County, Texas","85032","18175"
"1400000US48085030515","Census Tract 305.15, Collin County, Texas","102222","10667"
"1400000US48085030516","Census Tract 305.16, Collin County, Texas","106006","8997"
"1400000US48085030517","Census Tract 305.17, Collin County, Texas","100288","14450"
"1400000US48085030518","Census Tract 305.18, Collin County, Texas","167139","12438"
"1400000US48085030519","Census Tract 305.19, Collin County, Texas","118971","18597"
"1400000US48085030520","Census Tract 305.20, Collin County, Texas","131029","9350"
"1400000US48085030521","Census Tract 305.21, Collin County, Texas","119484","14921"
"1400000US48085030522","Census Tract 305.22, Collin County, Texas","117480","12537"
"1400000US48085030523","Census Tract 305.23, Collin County, Texas","104700","5844"
"1400000US48085030524","Census Tract 305.24, Collin County, Texas","100625","16678"
"1400000US48085030525","Census Tract 305.25, Collin County, Texas","125466","10960"
"1400000US48085030526","Census Tract 305.26, Collin County, Texas","130486","15248"
"1400000US48085030527","Census Tract 305.27, Collin County, Texas","106250","14949"
"1400000US48085030201","Census Tract 302.01, Collin County, Texas","80779","11151"
"1400000US48085030202","Census Tract 302.02, Collin County, Texas","100368","25098"
"1400000US48085030203","Census Tract 302.03, Collin County, Texas","95922","10407"
"1400000US48085030301","Census Tract 303.01, Collin County, Texas","101318","8999"
"1400000US48085030302","Census Tract 303.02, Collin County, Texas","184485","26061"
"1400000US48085030303","Census Tract 303.03, Collin County, Texas","147535","22516"
"1400000US48085030304","Census Tract 303.04, Collin County, Texas","133494","11752"
"1400000US48085030305","Census Tract 303.05, Collin County, Texas","118750","10716"
"1400000US48085030403","Census Tract 304.03, Collin County, Texas","103833","13542"
"1400000US48085030404","Census Tract 304.04, Collin County, Texas","114583","18547"
"1400000US48085030405","Census Tract 304.05, Collin County, Texas","73615","5495"
"1400000US48085030406","Census Tract 304.06, Collin County, Texas","55795","21304"
"1400000US48085030407","Census Tract 304.07, Collin County, Texas","180685","24622"
"1400000US48085030408","Census Tract 304.08, Collin County, Texas","67109","12761"
"1400000US48085030504","Census Tract 305.04, Collin County, Texas","88889","7520"
"1400000US48085030505","Census Tract 305.05, Collin County, Texas","82118","6798"
"1400000US48085030506","Census Tract 305.06, Collin County, Texas","128782","13905"
"1400000US48085032010","Census Tract 320.10, Collin County, Texas","55938","13725"
"1400000US48085032011","Census Tract 320.11, Collin County, Texas","100677","21622"
"1400000US48085032012","Census Tract 320.12, Collin County, Texas","54063","4703"
"1400000US48085032013","Census Tract 320.13, Collin County, Texas","72353","13452"
"1400000US48085031715","Census Tract 317.15, Collin County, Texas","125511","38189"
"1400000US48085031716","Census Tract 317.16, Collin County, Texas","62177","9615"
"1400000US48085031717","Census Tract 317.17, Collin County, Texas","61326","16964"
"1400000US48085031718","Census Tract 317.18, Collin County, Texas","76989","18828"
"1400000US48085031719","Census Tract 317.19, Collin County, Texas","74432","11859"
"1400000US48085031720","Census Tract 317.20, Collin County, Texas","29065","3908"
"1400000US48085031806","Census Tract 318.06, Collin County, Texas","69558","11388"
"1400000US48085031807","Census Tract 318.07, Collin County, Texas","71362","7560"
"1400000US48113017400","Census Tract 174, Dallas County, Texas","44331","3963"
"1400000US48113017804","Census Tract 178.04, Dallas County, Texas","48328","4819"
"1400000US48113017813","Census Tract 178.13, Dallas County, Texas","48147","8388"
"1400000US48113018401","Census Tract 184.01, Dallas County, Texas","55227","9577"
"1400000US48113019016","Census Tract 190.16, Dallas County, Texas","42188","3035"
"1400000US48113019031","Census Tract 190.31, Dallas County, Texas","72813","28796"
"1400000US48113019032","Census Tract 190.32, Dallas County, Texas","53382","12171"
"1400000US48113019037","Census Tract 190.37, Dallas County, Texas","101908","13812"
"1400000US48113019210","Census Tract 192.10, Dallas County, Texas","122321","27106"
"1400000US48113013717","Census Tract 137.17, Dallas County, Texas","40227","8405"
"1400000US48113014121","Census Tract 141.21, Dallas County, Texas","74510","8122"
"1400000US48113012210","Census Tract 122.10, Dallas County, Texas","26907","5319"
"1400000US48113013007","Census Tract 130.07, Dallas County, Texas","81028","8233"
"1400000US48113011001","Census Tract 110.01, Dallas County, Texas","41115","3500"
"1400000US48113012206","Census Tract 122.06, Dallas County, Texas","54848","8615"
"1400000US48113012500","Census Tract 125, Dallas County, Texas","43773","9850"
"1400000US48113013605","Census Tract 136.05, Dallas County, Texas","104441","21646"
"1400000US48113013711","Census Tract 137.11, Dallas County, Texas","47663","6962"
"1400000US48113013712","Census Tract 137.12, Dallas County, Texas","57750","17108"
"1400000US48113014403","Census Tract 144.03, Dallas County, Texas","44611","5659"
"1400000US48113015202","Census Tract 152.02, Dallas County, Texas","35208","12926"
"1400000US48113015303","Census Tract 153.03, Dallas County, Texas","48589","8879"
"1400000US48113015403","Census Tract 154.03, Dallas County, Texas","52305","12953"
"1400000US48113000401","Census Tract 4.01, Dallas County, Texas","53915","6262"
"1400000US48113000500","Census Tract 5, Dallas County, Texas","69679","14175"
"1400000US48113000900","Census Tract 9, Dallas County, Texas","56831","13497"
"1400000US48113001302","Census Tract 13.02, Dallas County, Texas","45069","9794"
"1400000US48113001400","Census Tract 14, Dallas County, Texas","50708","5024"
"1400000US48113004400","Census Tract 44, Dallas County, Texas","104148","12766"
"1400000US48113004600","Census Tract 46, Dallas County, Texas","59758","11049"
"1400000US48113019029","Census Tract 190.29, Dallas County, Texas","51639","8191"
"1400000US48113008801","Census Tract 88.01, Dallas County, Texas","29292","9116"
"1400000US48113009202","Census Tract 92.02, Dallas County, Texas","37404","4769"
"1400000US48113009604","Census Tract 96.04, Dallas County, Texas","60266","9454"
"1400000US48113009607","Census Tract 96.07, Dallas County, Texas","111250","19608"
"1400000US48113009608","Census Tract 96.08, Dallas County, Texas","99531","16391"
"1400000US48113006100","Census Tract 61, Dallas County, Texas","36625","7478"
"1400000US48113007819","Census Tract 78.19, Dallas County, Texas","32344","3786"
"1400000US48113007903","Census Tract 79.03, Dallas County, Texas","97984","14440"
"1400000US48113008802","Census Tract 88.02, Dallas County, Texas","24294","3844"
"1400000US48113008900","Census Tract 89, Dallas County, Texas","29625","4162"
"1400000US48113009105","Census Tract 91.05, Dallas County, Texas","37937","9631"
"1400000US48113009201","Census Tract 92.01, Dallas County, Texas","33125","6833"
"1400000US48113009303","Census Tract 93.03, Dallas County, Texas","42973","10009"
"1400000US48113010000","Census Tract 100, Dallas County, Texas","65787","4021"
"1400000US48113010101","Census Tract 101.01, Dallas County, Texas","35714","9504"
"1400000US48113010803","Census Tract 108.03, Dallas County, Texas","55473","15286"
"1400000US48113011002","Census Tract 110.02, Dallas County, Texas","49539","15112"
"1400000US48113011101","Census Tract 111.01, Dallas County, Texas","51307","7525"
"1400000US48113011105","Census Tract 111.05, Dallas County, Texas","30767","3429"
"1400000US48113011601","Census Tract 116.01, Dallas County, Texas","29857","5479"
"1400000US48113012208","Census Tract 122.08, Dallas County, Texas","23205","3354"
"1400000US48113012211","Census Tract 122.11, Dallas County, Texas","32850","3734"
"1400000US48113012400","Census Tract 124, Dallas County, Texas","60976","9811"
"1400000US48113012900","Census Tract 129, Dallas County, Texas","90092","11844"
"1400000US48113013009","Census Tract 130.09, Dallas County, Texas","62093","17925"
"1400000US48113013200","Census Tract 132, Dallas County, Texas","97163","15170"
"1400000US48113013606","Census Tract 136.06, Dallas County, Texas","69338","19992"
"1400000US48113013714","Census Tract 137.14, Dallas County, Texas","55493","5526"
"1400000US48113013608","Census Tract 136.08, Dallas County, Texas","139417","27118"
"1400000US48113013616","Census Tract 136.16, Dallas County, Texas","72828","10545"
"1400000US48113013619","Census Tract 136.19, Dallas County, Texas","134456","13591"
"1400000US48113013902","Census Tract 139.02, Dallas County, Texas","65703","7023"
"1400000US48113016517","Census Tract 165.17, Dallas County, Texas","55618","3702"
"1400000US48113017806","Census Tract 178.06, Dallas County, Texas","47212","9791"
"1400000US48113017812","Census Tract 178.12, Dallas County, Texas","61215","8543"
"1400000US48113018105","Census Tract 181.05, Dallas County, Texas","58607","7634"
"1400000US48113018110","Census Tract 181.10, Dallas County, Texas","75417","10778"
"1400000US48113018403","Census Tract 184.03, Dallas County, Texas","38854","8005"
"1400000US48113019019","Census Tract 190.19, Dallas County, Texas","36860","5131"
"1400000US48113019021","Census Tract 190.21, Dallas County, Texas","58431","10727"
"1400000US48113019027","Census Tract 190.27, Dallas County, Texas","62612","10158"
"1400000US48113019203","Census Tract 192.03, Dallas County, Texas","102969","15250"
"1400000US48113019206","Census Tract 192.06, Dallas County, Texas","50075","6700"
"1400000US48113019211","Census Tract 192.11, Dallas County, Texas","54364","4313"
"1400000US48113019900","Census Tract 199, Dallas County, Texas","44861","12498"
"1400000US48113000100","Census Tract 1, Dallas County, Texas","114306","29176"
"1400000US48113000405","Census Tract 4.05, Dallas County, Texas","43142","5238"
"1400000US48113000601","Census Tract 6.01, Dallas County, Texas","50938","8577"
"1400000US48113000701","Census Tract 7.01, Dallas County, Texas","117083","11785"
"1400000US48113002701","Census Tract 27.01, Dallas County, Texas","21955","6009"
"1400000US48113004000","Census Tract 40, Dallas County, Texas","31042","14281"
"1400000US48113005700","Census Tract 57, Dallas County, Texas","28671","4890"
"1400000US48113006502","Census Tract 65.02, Dallas County, Texas","54894","13196"
"1400000US48113009101","Census Tract 91.01, Dallas County, Texas","45594","7428"
"1400000US48113006700","Census Tract 67, Dallas County, Texas","36465","4395"
"1400000US48113007809","Census Tract 78.09, Dallas County, Texas","52745","6867"
"1400000US48113007818","Census Tract 78.18, Dallas County, Texas","28994","2613"
"1400000US48113009701","Census Tract 97.01, Dallas County, Texas","66829","4994"
"1400000US48113010801","Census Tract 108.01, Dallas County, Texas","34764","6858"
"1400000US48113011104","Census Tract 111.04, Dallas County, Texas","32442","3765"
"1400000US48113012000","Census Tract 120, Dallas County, Texas","33222","4076"
"1400000US48113012207","Census Tract 122.07, Dallas County, Texas","42441","4883"
"1400000US48113012301","Census Tract 123.01, Dallas County, Texas","41756","6904"
"1400000US48113012701","Census Tract 127.01, Dallas County, Texas","40590","5235"
"1400000US48113013618","Census Tract 136.18, Dallas County, Texas","110341","12419"
"1400000US48113009605","Census Tract 96.05, Dallas County, Texas","54740","8412"
"1400000US48113004201","Census Tract 42.01, Dallas County, Texas","55262","7430"
"1400000US48113004202","Census Tract 42.02, Dallas County, Texas","65451","11127"
"1400000US48113004800","Census Tract 48, Dallas County, Texas","37104","4827"
"1400000US48113004900","Census Tract 49, Dallas County, Texas","24704","3413"
"1400000US48113005500","Census Tract 55, Dallas County, Texas","36199","11457"
"1400000US48113005901","Census Tract 59.01, Dallas County, Texas","28664","6020"
"1400000US48113006001","Census Tract 60.01, Dallas County, Texas","35294","9856"
"1400000US48113006302","Census Tract 63.02, Dallas County, Texas","50907","11299"
"1400000US48113006800","Census Tract 68, Dallas County, Texas","43598","5828"
"1400000US48113007102","Census Tract 71.02, Dallas County, Texas","52479","16833"
"1400000US48113007201","Census Tract 72.01, Dallas County, Texas","32480","3999"
"1400000US48113007801","Census Tract 78.01, Dallas County, Texas","84833","36636"
"1400000US48113008100","Census Tract 81, Dallas County, Texas","85290","8033"
"1400000US48113008500","Census Tract 85, Dallas County, Texas","51140","13112"
"1400000US48113008603","Census Tract 86.03, Dallas County, Texas","24792","9451"
"1400000US48113008604","Census Tract 86.04, Dallas County, Texas","20916","2578"
"1400000US48113013101","Census Tract 131.01, Dallas County, Texas","133750","22214"
"1400000US48113013722","Census Tract 137.22, Dallas County, Texas","64443","6367"
"1400000US48113006200","Census Tract 62, Dallas County, Texas","42035","6531"
"1400000US48113009401","Census Tract 94.01, Dallas County, Texas","64911","16518"
"1400000US48113012204","Census Tract 122.04, Dallas County, Texas","81250","8937"
"1400000US48113013713","Census Tract 137.13, Dallas County, Texas","36688","7829"
"1400000US48113017001","Census Tract 170.01, Dallas County, Texas","46605","5147"
"1400000US48113017703","Census Tract 177.03, Dallas County, Texas","37479","4624"
"1400000US48113011401","Census Tract 114.01, Dallas County, Texas","20387","7450"
"1400000US48113007810","Census Tract 78.10, Dallas County, Texas","69583","23859"
"1400000US48113008705","Census Tract 87.05, Dallas County, Texas","36017","3589"
"1400000US48113009900","Census Tract 99, Dallas County, Texas","56705","8333"
"1400000US48113013300","Census Tract 133, Dallas County, Texas","250,000+","***"
"1400000US48113014113","Census Tract 141.13, Dallas County, Texas","60030","12459"
"1400000US48113014408","Census Tract 144.08, Dallas County, Texas","63173","15198"
"1400000US48113016615","Census Tract 166.15, Dallas County, Texas","74053","8742"
"1400000US48113017101","Census Tract 171.01, Dallas County, Texas","57770","9218"
"1400000US48113016100","Census Tract 161, Dallas County, Texas","37774","4972"
"1400000US48113019013","Census Tract 190.13, Dallas County, Texas","26760","2289"
"1400000US48113019100","Census Tract 191, Dallas County, Texas","61333","11691"
"1400000US48113009611","Census Tract 96.11, Dallas County, Texas","61100","15614"
"1400000US48113019036","Census Tract 190.36, Dallas County, Texas","109135","11862"
"1400000US48113016804","Census Tract 168.04, Dallas County, Texas","58867","3749"
"1400000US48113018206","Census Tract 182.06, Dallas County, Texas","40280","4770"
"1400000US48113014206","Census Tract 142.06, Dallas County, Texas","83062","9473"
"1400000US48113014311","Census Tract 143.11, Dallas County, Texas","76077","3734"
"1400000US48113014312","Census Tract 143.12, Dallas County, Texas","83782","11062"
"1400000US48113016412","Census Tract 164.12, Dallas County, Texas","113750","10269"
"1400000US48113016413","Census Tract 164.13, Dallas County, Texas","83962","7262"
"1400000US48113016520","Census Tract 165.20, Dallas County, Texas","43684","6706"
"1400000US48113016521","Census Tract 165.21, Dallas County, Texas","60192","6400"
"1400000US48113016522","Census Tract 165.22, Dallas County, Texas","62830","4215"
"1400000US48113016523","Census Tract 165.23, Dallas County, Texas","96308","12645"
"1400000US48113016621","Census Tract 166.21, Dallas County, Texas","59423","7637"
"1400000US48113016622","Census Tract 166.22, Dallas County, Texas","63370","7769"
"1400000US48113016623","Census Tract 166.23, Dallas County, Texas","69919","10713"
"1400000US48113016624","Census Tract 166.24, Dallas County, Texas","71012","9562"
"1400000US48113016625","Census Tract 166.25, Dallas County, Texas","77062","12621"
"1400000US48113016626","Census Tract 166.26, Dallas County, Texas","50429","3688"
"1400000US48113017605","Census Tract 176.05, Dallas County, Texas","44137","6573"
"1400000US48113017606","Census Tract 176.06, Dallas County, Texas","45145","5971"
"1400000US48113018133","Census Tract 181.33, Dallas County, Texas","79493","5052"
"1400000US48113018134","Census Tract 181.34, Dallas County, Texas","87041","3857"
"1400000US48113018135","Census Tract 181.35, Dallas County, Texas","75947","15745"
"1400000US48113018136","Census Tract 181.36, Dallas County, Texas","120188","21883"
"1400000US48113018137","Census Tract 181.37, Dallas County, Texas","61840","7822"
"1400000US48113018138","Census Tract 181.38, Dallas County, Texas","43971","8596"
"1400000US48113018139","Census Tract 181.39, Dallas County, Texas","83304","19932"
"1400000US48113018140","Census Tract 181.40, Dallas County, Texas","101968","8658"
"1400000US48113018141","Census Tract 181.41, Dallas County, Texas","37364","4864"
"1400000US48113019038","Census Tract 190.38, Dallas County, Texas","74044","16948"
"1400000US48113018142","Census Tract 181.42, Dallas County, Texas","74405","14390"
"1400000US48113018505","Census Tract 185.05, Dallas County, Texas","31921","4832"
"1400000US48113018506","Census Tract 185.06, Dallas County, Texas","30897","4655"
"1400000US48113019039","Census Tract 190.39, Dallas County, Texas","74261","27048"
"1400000US48113019040","Census Tract 190.40, Dallas County, Texas","60345","11702"
"1400000US48113019041","Census Tract 190.41, Dallas County, Texas","100652","11019"
"1400000US48113019042","Census Tract 190.42, Dallas County, Texas","86118","13529"
"1400000US48113019043","Census Tract 190.43, Dallas County, Texas","102326","14913"
"1400000US48113019212","Census Tract 192.12, Dallas County, Texas","31711","3133"
"1400000US48113019213","Census Tract 192.13, Dallas County, Texas","22850","8984"
"1400000US48113020100","Census Tract 201, Dallas County, Texas","45833","7274"
"1400000US48113020000","Census Tract 200, Dallas County, Texas","139107","22695"
"1400000US48113020200","Census Tract 202, Dallas County, Texas","29159","4762"
"1400000US48113007912","Census Tract 79.12, Dallas County, Texas","64628","6915"
"1400000US48113007913","Census Tract 79.13, Dallas County, Texas","73750","13443"
"1400000US48113007914","Census Tract 79.14, Dallas County, Texas","63977","16092"
"1400000US48113010804","Census Tract 108.04, Dallas County, Texas","30506","5371"
"1400000US48113010805","Census Tract 108.05, Dallas County, Texas","50411","12708"
"1400000US48113010903","Census Tract 109.03, Dallas County, Texas","32201","6181"
"1400000US48113010904","Census Tract 109.04, Dallas County, Texas","27458","6190"
"1400000US48113012603","Census Tract 126.03, Dallas County, Texas","72872","5781"
"1400000US48113012604","Census Tract 126.04, Dallas County, Texas","37358","4054"
"1400000US48113013010","Census Tract 130.10, Dallas County, Texas","34799","5738"
"1400000US48113013011","Census Tract 130.11, Dallas County, Texas","35383","4511"
"1400000US48113013104","Census Tract 131.04, Dallas County, Texas","64375","12820"
"1400000US48113013105","Census Tract 131.05, Dallas County, Texas","41316","2106"
"1400000US48113013620","Census Tract 136.20, Dallas County, Texas","59985","5316"
"1400000US48113013621","Census Tract 136.21, Dallas County, Texas","53942","9066"
"1400000US48113013622","Census Tract 136.22, Dallas County, Texas","52044","3604"
"1400000US48113013623","Census Tract 136.23, Dallas County, Texas","42426","5751"
"1400000US48113013624","Census Tract 136.24, Dallas County, Texas","63631","9037"
"1400000US48113013625","Census Tract 136.25, Dallas County, Texas","49482","11539"
"1400000US48113013626","Census Tract 136.26, Dallas County, Texas","67817","7761"
"1400000US48113013726","Census Tract 137.26, Dallas County, Texas","73205","11993"
"1400000US48113013727","Census Tract 137.27, Dallas County, Texas","77426","17877"
"1400000US48113013805","Census Tract 138.05, Dallas County, Texas","57375","9587"
"1400000US48113013806","Census Tract 138.06, Dallas County, Texas","75987","7975"
"1400000US48113014127","Census Tract 141.27, Dallas County, Texas","95536","8909"
"1400000US48113014128","Census Tract 141.28, Dallas County, Texas","95306","14214"
"1400000US48113014129","Census Tract 141.29, Dallas County, Texas","106408","12670"
"1400000US48113014130","Census Tract 141.30, Dallas County, Texas","87228","8486"
"1400000US48113014131","Census Tract 141.31, Dallas County, Texas","72863","12884"
"1400000US48113014132","Census Tract 141.32, Dallas County, Texas","72621","10018"
"1400000US48113014133","Census Tract 141.33, Dallas County, Texas","45516","9875"
"1400000US48113014134","Census Tract 141.34, Dallas County, Texas","126382","26012"
"1400000US48113014135","Census Tract 141.35, Dallas County, Texas","97031","24857"
"1400000US48113014136","Census Tract 141.36, Dallas County, Texas","74736","3297"
"1400000US48113014137","Census Tract 141.37, Dallas County, Texas","97108","8582"
"1400000US48113014138","Census Tract 141.38, Dallas County, Texas","98963","8428"
"1400000US48113014205","Census Tract 142.05, Dallas County, Texas","139833","15854"
"1400000US48113013609","Census Tract 136.09, Dallas County, Texas","80787","16355"
"1400000US48113019501","Census Tract 195.01, Dallas County, Texas","241167","35118"
"1400000US48113014405","Census Tract 144.05, Dallas County, Texas","46875","9413"
"1400000US48113001202","Census Tract 12.02, Dallas County, Texas","53693","10290"
"1400000US48113019035","Census Tract 190.35, Dallas County, Texas","35333","7505"
"1400000US48113019004","Census Tract 190.04, Dallas County, Texas","53952","9781"
"1400000US48113019205","Census Tract 192.05, Dallas County, Texas","114306","9779"
"1400000US48113016803","Census Tract 168.03, Dallas County, Texas","41604","9577"
"1400000US48113016903","Census Tract 169.03, Dallas County, Texas","46694","12013"
"1400000US48113017702","Census Tract 177.02, Dallas County, Texas","60927","11839"
"1400000US48113017704","Census Tract 177.04, Dallas County, Texas","41707","8098"
"1400000US48113018001","Census Tract 180.01, Dallas County, Texas","57192","11108"
"1400000US48113018002","Census Tract 180.02, Dallas County, Texas","55272","8793"
"1400000US48113018127","Census Tract 181.27, Dallas County, Texas","58301","6971"
"1400000US48113018503","Census Tract 185.03, Dallas County, Texas","32437","5979"
"1400000US48113018203","Census Tract 182.03, Dallas County, Texas","65443","7431"
"1400000US48113018205","Census Tract 182.05, Dallas County, Texas","46940","5055"
"1400000US48113018600","Census Tract 186, Dallas County, Texas","54505","9779"
"1400000US48113018900","Census Tract 189, Dallas County, Texas","50239","4279"
"1400000US48113019023","Census Tract 190.23, Dallas County, Texas","85325","12798"
"1400000US48113019024","Census Tract 190.24, Dallas County, Texas","64525","13208"
"1400000US48113014124","Census Tract 141.24, Dallas County, Texas","167672","28304"
"1400000US48113018104","Census Tract 181.04, Dallas County, Texas","113393","16095"
"1400000US48113018120","Census Tract 181.20, Dallas County, Texas","77298","7519"
"1400000US48113013720","Census Tract 137.20, Dallas County, Texas","63036","6884"
"1400000US48113018123","Census Tract 181.23, Dallas County, Texas","76065","6163"
"1400000US48113018124","Census Tract 181.24, Dallas County, Texas","106654","11879"
"1400000US48113013718","Census Tract 137.18, Dallas County, Texas","52950","7834"
"1400000US48113013803","Census Tract 138.03, Dallas County, Texas","105263","21635"
"1400000US48113014103","Census Tract 141.03, Dallas County, Texas","41344","3788"
"1400000US48113014115","Census Tract 141.15, Dallas County, Texas","59199","8806"
"1400000US48113014126","Census Tract 141.26, Dallas County, Texas","128373","8493"
"1400000US48113014306","Census Tract 143.06, Dallas County, Texas","59233","6152"
"1400000US48113014501","Census Tract 145.01, Dallas County, Texas","62321","13058"
"1400000US48113015305","Census Tract 153.05, Dallas County, Texas","49894","13558"
"1400000US48113015401","Census Tract 154.01, Dallas County, Texas","72500","14586"
"1400000US48113015500","Census Tract 155, Dallas County, Texas","58271","12745"
"1400000US48113015700","Census Tract 157, Dallas County, Texas","48454","10006"
"1400000US48113016511","Census Tract 165.11, Dallas County, Texas","49280","5178"
"1400000US48113016513","Census Tract 165.13, Dallas County, Texas","86214","10288"
"1400000US48113016610","Census Tract 166.10, Dallas County, Texas","44926","7641"
"1400000US48113016703","Census Tract 167.03, Dallas County, Texas","50565","8745"
"1400000US48113005902","Census Tract 59.02, Dallas County, Texas","26240","4258"
"1400000US48113018126","Census Tract 181.26, Dallas County, Texas","66290","5323"
"1400000US48113018204","Census Tract 182.04, Dallas County, Texas","50236","12517"
"1400000US48113018402","Census Tract 184.02, Dallas County, Texas","66250","19204"
"1400000US48113019014","Census Tract 190.14, Dallas County, Texas","50069","10776"
"1400000US48113019020","Census Tract 190.20, Dallas County, Texas","57115","11247"
"1400000US48113019025","Census Tract 190.25, Dallas County, Texas","81623","11039"
"1400000US48113019034","Census Tract 190.34, Dallas County, Texas","34508","6159"
"1400000US48113019202","Census Tract 192.02, Dallas County, Texas","57807","5611"
"1400000US48113019600","Census Tract 196, Dallas County, Texas","166071","42818"
"1400000US48113019800","Census Tract 198, Dallas County, Texas","202188","55284"
"1400000US48113000202","Census Tract 2.02, Dallas County, Texas","87083","33655"
"1400000US48113000404","Census Tract 4.04, Dallas County, Texas","58424","5386"
"1400000US48113001002","Census Tract 10.02, Dallas County, Texas","79145","21224"
"1400000US48113001101","Census Tract 11.01, Dallas County, Texas","88370","14627"
"1400000US48113001301","Census Tract 13.01, Dallas County, Texas","55045","8329"
"1400000US48113002500","Census Tract 25, Dallas County, Texas","27355","3226"
"1400000US48113003902","Census Tract 39.02, Dallas County, Texas","27679","9846"
"1400000US48113007812","Census Tract 78.12, Dallas County, Texas","188068","32615"
"1400000US48113008200","Census Tract 82, Dallas County, Texas","70102","15858"
"1400000US48113009104","Census Tract 91.04, Dallas County, Texas","55750","13107"
"1400000US48113009301","Census Tract 93.01, Dallas County, Texas","47188","10182"
"1400000US48113009609","Census Tract 96.09, Dallas County, Texas","119125","30115"
"1400000US48113009804","Census Tract 98.04, Dallas County, Texas","38602","4760"
"1400000US48113010102","Census Tract 101.02, Dallas County, Texas","45208","8060"
"1400000US48113010704","Census Tract 107.04, Dallas County, Texas","32192","8125"
"1400000US48113011103","Census Tract 111.03, Dallas County, Texas","32950","9802"
"1400000US48113011702","Census Tract 117.02, Dallas County, Texas","38000","6314"
"1400000US48113012100","Census Tract 121, Dallas County, Texas","35221","6214"
"1400000US48113012302","Census Tract 123.02, Dallas County, Texas","35056","6974"
"1400000US48113012702","Census Tract 127.02, Dallas County, Texas","47262","9546"
"1400000US48113013005","Census Tract 130.05, Dallas County, Texas","88232","11380"
"1400000US48113013008","Census Tract 130.08, Dallas County, Texas","99191","16873"
"1400000US48113013400","Census Tract 134, Dallas County, Texas","199063","22820"
"1400000US48113013610","Census Tract 136.10, Dallas County, Texas","86711","11632"
"1400000US48113013611","Census Tract 136.11, Dallas County, Texas","128750","21185"
"1400000US48113013615","Census Tract 136.15, Dallas County, Texas","40198","1632"
"1400000US48113017004","Census Tract 170.04, Dallas County, Texas","37600","9677"
"1400000US48113017301","Census Tract 173.01, Dallas County, Texas","58427","11501"
"1400000US48113017811","Census Tract 178.11, Dallas County, Texas","68567","8285"
"1400000US48113017814","Census Tract 178.14, Dallas County, Texas","73259","7855"
"1400000US48113017900","Census Tract 179, Dallas County, Texas","49052","4373"
"1400000US48113015600","Census Tract 156, Dallas County, Texas","40661","3871"
"1400000US48113016301","Census Tract 163.01, Dallas County, Texas","63083","6588"
"1400000US48113016407","Census Tract 164.07, Dallas County, Texas","59605","7622"
"1400000US48113016607","Census Tract 166.07, Dallas County, Texas","25190","3917"
"1400000US48113017304","Census Tract 173.04, Dallas County, Texas","96250","14548"
"1400000US48113017305","Census Tract 173.05, Dallas County, Texas","88790","9369"
"1400000US48113017604","Census Tract 176.04, Dallas County, Texas","43587","7330"
"1400000US48113018111","Census Tract 181.11, Dallas County, Texas","64755","13621"
"1400000US48113018130","Census Tract 181.30, Dallas County, Texas","39540","3639"
"1400000US48113018300","Census Tract 183, Dallas County, Texas","51571","13204"
"1400000US48113019301","Census Tract 193.01, Dallas County, Texas","250,000+","***"
"1400000US48113019302","Census Tract 193.02, Dallas County, Texas","197692","59054"
"1400000US48113000300","Census Tract 3, Dallas County, Texas","103571","20766"
"1400000US48113000603","Census Tract 6.03, Dallas County, Texas","82348","12639"
"1400000US48113000702","Census Tract 7.02, Dallas County, Texas","74583","11702"
"1400000US48113000800","Census Tract 8, Dallas County, Texas","53681","12085"
"1400000US48113016618","Census Tract 166.18, Dallas County, Texas","68562","6754"
"1400000US48113017003","Census Tract 170.03, Dallas County, Texas","46170","8086"
"1400000US48113017202","Census Tract 172.02, Dallas County, Texas","40070","6114"
"1400000US48113017303","Census Tract 173.03, Dallas County, Texas","63203","8986"
"1400000US48113017306","Census Tract 173.06, Dallas County, Texas","77976","11401"
"1400000US48113019018","Census Tract 190.18, Dallas County, Texas","50058","7313"
"1400000US48113017808","Census Tract 178.08, Dallas County, Texas","64830","7305"
"1400000US48113018118","Census Tract 181.18, Dallas County, Texas","74356","10585"
"1400000US48113018129","Census Tract 181.29, Dallas County, Texas","56651","7131"
"1400000US48113001900","Census Tract 19, Dallas County, Texas","105795","10907"
"1400000US48113004300","Census Tract 43, Dallas County, Texas","59073","5547"
"1400000US48113006002","Census Tract 60.02, Dallas County, Texas","31345","4954"
"1400000US48113018700","Census Tract 187, Dallas County, Texas","42167","6588"
"1400000US48113018802","Census Tract 188.02, Dallas County, Texas","44063","4691"
"1400000US48113019028","Census Tract 190.28, Dallas County, Texas","57946","10374"
"1400000US48113018132","Census Tract 181.32, Dallas County, Texas","76410","10896"
"1400000US48113018501","Census Tract 185.01, Dallas County, Texas","45096","12615"
"1400000US48113018801","Census Tract 188.01, Dallas County, Texas","52865","5264"
"1400000US48113019026","Census Tract 190.26, Dallas County, Texas","63226","6774"
"1400000US48113000201","Census Tract 2.01, Dallas County, Texas","136250","29049"
"1400000US48113001203","Census Tract 12.03, Dallas County, Texas","81111","21173"
"1400000US48113001502","Census Tract 15.02, Dallas County, Texas","35815","11734"
"1400000US48113002200","Census Tract 22, Dallas County, Texas","57563","9048"
"1400000US48113002400","Census Tract 24, Dallas County, Texas","42115","17944"
"1400000US48113003101","Census Tract 31.01, Dallas County, Texas","70625","9132"
"1400000US48113003400","Census Tract 34, Dallas County, Texas","29327","8749"
"1400000US48113003901","Census Tract 39.01, Dallas County, Texas","21322","3748"
"1400000US48113005300","Census Tract 53, Dallas County, Texas","51058","11430"
"1400000US48113005400","Census Tract 54, Dallas County, Texas","39335","5587"
"1400000US48113016802","Census Tract 168.02, Dallas County, Texas","77668","7768"
"1400000US48113017102","Census Tract 171.02, Dallas County, Texas","43980","3985"
"1400000US48113017602","Census Tract 176.02, Dallas County, Texas","44524","13821"
"1400000US48113017805","Census Tract 178.05, Dallas County, Texas","42500","8320"
"1400000US48113010601","Census Tract 106.01, Dallas County, Texas","42138","11686"
"1400000US48113010602","Census Tract 106.02, Dallas County, Texas","30855","5305"
"1400000US48113010902","Census Tract 109.02, Dallas County, Texas","28801","5297"
"1400000US48113011300","Census Tract 113, Dallas County, Texas","36875","6278"
"1400000US48113012209","Census Tract 122.09, Dallas County, Texas","66548","11942"
"1400000US48113012800","Census Tract 128, Dallas County, Texas","64924","10846"
"1400000US48113013725","Census Tract 137.25, Dallas County, Texas","44625","6317"
"1400000US48113013804","Census Tract 138.04, Dallas County, Texas","65088","6672"
"1400000US48113014116","Census Tract 141.16, Dallas County, Texas","49643","5581"
"1400000US48113014120","Census Tract 141.20, Dallas County, Texas","141140","18477"
"1400000US48113014307","Census Tract 143.07, Dallas County, Texas","64796","10703"
"1400000US48113014407","Census Tract 144.07, Dallas County, Texas","41195","1422"
"1400000US48113014901","Census Tract 149.01, Dallas County, Texas","42356","8841"
"1400000US48113015304","Census Tract 153.04, Dallas County, Texas","51789","7586"
"1400000US48113016406","Census Tract 164.06, Dallas County, Texas","49681","7094"
"1400000US48113002702","Census Tract 27.02, Dallas County, Texas","33634","6160"
"1400000US48113016509","Census Tract 165.09, Dallas County, Texas","70652","11679"
"1400000US48113018128","Census Tract 181.28, Dallas County, Texas","48250","9785"
"1400000US48113001204","Census Tract 12.04, Dallas County, Texas","49135","7559"
"1400000US48113005200","Census Tract 52, Dallas County, Texas","59716","9570"
"1400000US48113014119","Census Tract 141.19, Dallas County, Texas","110536","15450"
"1400000US48113013004","Census Tract 130.04, Dallas County, Texas","125586","20887"
"1400000US48113015404","Census Tract 154.04, Dallas County, Texas","40357","6777"
"1400000US48113016519","Census Tract 165.19, Dallas County, Texas","74539","17490"
"1400000US48113017500","Census Tract 175, Dallas County, Texas","65614","10213"
"1400000US48113007601","Census Tract 76.01, Dallas County, Texas","148750","40749"
"1400000US48113009103","Census Tract 91.03, Dallas County, Texas","38182","5591"
"1400000US48113009402","Census Tract 94.02, Dallas County, Texas","115000","21634"
"1400000US48113009610","Census Tract 96.10, Dallas County, Texas","36083","7220"
"1400000US48113009802","Census Tract 98.02, Dallas County, Texas","44628","5764"
"1400000US48113010703","Census Tract 107.03, Dallas County, Texas","33774","4249"
"1400000US48113001102","Census Tract 11.02, Dallas County, Texas","105469","19552"
"1400000US48113001503","Census Tract 15.03, Dallas County, Texas","24861","6855"
"1400000US48113001800","Census Tract 18, Dallas County, Texas","77835","13783"
"1400000US48113003700","Census Tract 37, Dallas County, Texas","25603","3468"
"1400000US48113003800","Census Tract 38, Dallas County, Texas","33644","5506"
"1400000US48113004500","Census Tract 45, Dallas County, Texas","56607","9124"
"1400000US48113005000","Census Tract 50, Dallas County, Texas","50625","9948"
"1400000US48113006900","Census Tract 69, Dallas County, Texas","26862","3682"
"1400000US48113007202","Census Tract 72.02, Dallas County, Texas","35871","5934"
"1400000US48113007700","Census Tract 77, Dallas County, Texas","90933","21860"
"1400000US48113007804","Census Tract 78.04, Dallas County, Texas","50637","6231"
"1400000US48113007815","Census Tract 78.15, Dallas County, Texas","30764","8450"
"1400000US48113007902","Census Tract 79.02, Dallas County, Texas","84612","28555"
"1400000US48113020400","Census Tract 204, Dallas County, Texas","69286","11667"
"1400000US48113020300","Census Tract 203, Dallas County, Texas","24625","5655"
"1400000US48113020500","Census Tract 205, Dallas County, Texas","13033","4785"
"1400000US48113020600","Census Tract 206, Dallas County, Texas","250,000+","***"
"1400000US48113020700","Census Tract 207, Dallas County, Texas","70893","11942"
"1400000US48113980000","Census Tract 9800, Dallas County, Texas","-","**"
"1400000US48113980100","Census Tract 9801, Dallas County, Texas","-","**"
"1400000US48113016410","Census Tract 164.10, Dallas County, Texas","91987","11175"
"1400000US48113016502","Census Tract 165.02, Dallas County, Texas","42471","10402"
"1400000US48113016518","Census Tract 165.18, Dallas County, Texas","42702","7137"
"1400000US48113016606","Census Tract 166.06, Dallas County, Texas","50930","6401"
"1400000US48113016612","Census Tract 166.12, Dallas County, Texas","96473","14445"
"1400000US48113016617","Census Tract 166.17, Dallas County, Texas","105694","16035"
"1400000US48113000406","Census Tract 4.06, Dallas County, Texas","53355","8893"
"1400000US48113000605","Census Tract 6.05, Dallas County, Texas","95668","6430"
"1400000US48113000606","Census Tract 6.06, Dallas County, Texas","114107","14708"
"1400000US48113001703","Census Tract 17.03, Dallas County, Texas","101583","13159"
"1400000US48113001704","Census Tract 17.04, Dallas County, Texas","100227","17902"
"1400000US48113006401","Census Tract 64.01, Dallas County, Texas","39514","8451"
"1400000US48113006402","Census Tract 64.02, Dallas County, Texas","41055","4411"
"1400000US48113007820","Census Tract 78.20, Dallas County, Texas","30339","7151"
"1400000US48113007821","Census Tract 78.21, Dallas County, Texas","33718","3868"
"1400000US48113007822","Census Tract 78.22, Dallas County, Texas","64219","11510"
"1400000US48113007823","Census Tract 78.23, Dallas County, Texas","36382","6457"
"1400000US48113007824","Census Tract 78.24, Dallas County, Texas","158798","14919"
"1400000US48113007825","Census Tract 78.25, Dallas County, Texas","51432","10733"
"1400000US48113007826","Census Tract 78.26, Dallas County, Texas","44975","6945"
"1400000US48113007827","Census Tract 78.27, Dallas County, Texas","35724","5166"
"1400000US48113007909","Census Tract 79.09, Dallas County, Texas","53410","4036"
"1400000US48113007910","Census Tract 79.10, Dallas County, Texas","54199","2414"
"1400000US48113007911","Census Tract 79.11, Dallas County, Texas","76696","10783"
"1400000US48113018121","Census Tract 181.21, Dallas County, Texas","62295","4645"
"1400000US48113014902","Census Tract 149.02, Dallas County, Texas","48147","7134"
"1400000US48113016619","Census Tract 166.19, Dallas County, Texas","42575","5628"
"1400000US48113013719","Census Tract 137.19, Dallas County, Texas","80736","11532"
"1400000US48113014203","Census Tract 142.03, Dallas County, Texas","64057","17160"
"1400000US48113017201","Census Tract 172.01, Dallas County, Texas","42295","7546"
"1400000US48113002000","Census Tract 20, Dallas County, Texas","44361","8435"
"1400000US48113007101","Census Tract 71.01, Dallas County, Texas","102875","20362"
"1400000US48113007805","Census Tract 78.05, Dallas County, Texas","61618","13498"
"1400000US48113010500","Census Tract 105, Dallas County, Texas","34286","8097"
"1400000US48113019033","Census Tract 190.33, Dallas County, Texas","52208","9706"
"1400000US48113019400","Census Tract 194, Dallas County, Texas","178319","31881"
"1400000US48113006301","Census Tract 63.01, Dallas County, Texas","51753","5317"
"1400000US48113006501","Census Tract 65.01, Dallas County, Texas","45232","6995"
"1400000US48113007301","Census Tract 73.01, Dallas County, Texas","206250","58500"
"1400000US48113007302","Census Tract 73.02, Dallas County, Texas","106563","22820"
"1400000US48113007604","Census Tract 76.04, Dallas County, Texas","250,000+","***"
"1400000US48113007605","Census Tract 76.05, Dallas County, Texas","149625","32945"
"1400000US48113007811","Census Tract 78.11, Dallas County, Texas","36863","4153"
"1400000US48113007906","Census Tract 79.06, Dallas County, Texas","196289","56571"
"1400000US48113008704","Census Tract 87.04, Dallas County, Texas","21930","4257"
"1400000US48113009304","Census Tract 93.04, Dallas County, Texas","20964","3162"
"1400000US48113009500","Census Tract 95, Dallas County, Texas","166767","18346"
"1400000US48113011200","Census Tract 112, Dallas County, Texas","37441","5059"
"1400000US48113011500","Census Tract 115, Dallas County, Texas","29761","3730"
"1400000US48113011701","Census Tract 117.01, Dallas County, Texas","36419","9995"
"1400000US48113013617","Census Tract 136.17, Dallas County, Texas","105188","39721"
"1400000US48113011900","Census Tract 119, Dallas County, Texas","45021","7716"
"1400000US48113013102","Census Tract 131.02, Dallas County, Texas","141484","21090"
"1400000US48113013500","Census Tract 135, Dallas County, Texas","232443","26492"
"1400000US48113013721","Census Tract 137.21, Dallas County, Texas","116979","22804"
"1400000US48113013901","Census Tract 139.01, Dallas County, Texas","58115","12037"
"1400000US48113014001","Census Tract 140.01, Dallas County, Texas","84347","10616"
"1400000US48113014114","Census Tract 141.14, Dallas County, Texas","45279","4663"
"1400000US48113013715","Census Tract 137.15, Dallas County, Texas","71301","7236"
"1400000US48113013716","Census Tract 137.16, Dallas County, Texas","61500","15889"
"1400000US48113014002","Census Tract 140.02, Dallas County, Texas","48750","40440"
"1400000US48113014123","Census Tract 141.23, Dallas County, Texas","161204","11737"
"1400000US48113015306","Census Tract 153.06, Dallas County, Texas","70360","9476"
"1400000US48113016201","Census Tract 162.01, Dallas County, Texas","57353","13004"
"1400000US48113016408","Census Tract 164.08, Dallas County, Texas","67290","9522"
"1400000US48113016510","Census Tract 165.10, Dallas County, Texas","52133","11895"
"1400000US48113016516","Census Tract 165.16, Dallas County, Texas","47031","8140"
"1400000US48113016605","Census Tract 166.05, Dallas County, Texas","22419","3744"
"1400000US48113016620","Census Tract 166.20, Dallas County, Texas","84357","7122"
"1400000US48113016705","Census Tract 167.05, Dallas County, Texas","53060","5996"
"1400000US48113008000","Census Tract 80, Dallas County, Texas","156974","32146"
"1400000US48113008400","Census Tract 84, Dallas County, Texas","40996","6481"
"1400000US48113008701","Census Tract 87.01, Dallas County, Texas","20276","3454"
"1400000US48113008703","Census Tract 87.03, Dallas County, Texas","22083","11497"
"1400000US48113009000","Census Tract 90, Dallas County, Texas","36329","4272"
"1400000US48113009603","Census Tract 96.03, Dallas County, Texas","128897","20343"
"1400000US48113009702","Census Tract 97.02, Dallas County, Texas","105992","9574"
"1400000US48113009803","Census Tract 98.03, Dallas County, Texas","54583","11471"
"1400000US48113010701","Census Tract 107.01, Dallas County, Texas","42750","17279"
"1400000US48113011602","Census Tract 116.02, Dallas County, Texas","49298","4728"
"1400000US48113013607","Census Tract 136.07, Dallas County, Texas","100900","7647"
"1400000US48113011800","Census Tract 118, Dallas County, Texas","40542","4907"
"1400000US48113012601","Census Tract 126.01, Dallas County, Texas","43716","3276"
"1400000US48113001001","Census Tract 10.01, Dallas County, Texas","112750","32932"
"1400000US48113001504","Census Tract 15.04, Dallas County, Texas","40147","7598"
"1400000US48113001600","Census Tract 16, Dallas County, Texas","61136","22385"
"1400000US48113001701","Census Tract 17.01, Dallas County, Texas","121667","17184"
"1400000US48113002100","Census Tract 21, Dallas County, Texas","79026","4447"
"1400000US48113004100","Census Tract 41, Dallas County, Texas","25385","6038"
"1400000US48113004700","Census Tract 47, Dallas County, Texas","41394","5140"
"1400000US48113005100","Census Tract 51, Dallas County, Texas","52083","10951"
"1400000US48113005600","Census Tract 56, Dallas County, Texas","35608","7694"
"1400000US48113014702","Census Tract 147.02, Dallas County, Texas","46058","5406"
"1400000US48113014302","Census Tract 143.02, Dallas County, Texas","51875","9402"
"1400000US48113014309","Census Tract 143.09, Dallas County, Texas","39643","6805"
"1400000US48113014502","Census Tract 145.02, Dallas County, Texas","49764","4993"
"1400000US48113015204","Census Tract 152.04, Dallas County, Texas","74856","4030"
"1400000US48113016701","Census Tract 167.01, Dallas County, Texas","35758","6078"
"1400000US48113015205","Census Tract 152.05, Dallas County, Texas","42941","7029"
"1400000US48113015900","Census Tract 159, Dallas County, Texas","32885","6686"
"1400000US48113016616","Census Tract 166.16, Dallas County, Texas","71182","10660"
"1400000US48113016704","Census Tract 167.04, Dallas County, Texas","58302","9730"
"1400000US48113019204","Census Tract 192.04, Dallas County, Texas","70236","5290"
"1400000US48113014701","Census Tract 147.01, Dallas County, Texas","41804","8744"
"1400000US48113014308","Census Tract 143.08, Dallas County, Texas","40563","6841"
"1400000US48113014406","Census Tract 144.06, Dallas County, Texas","49788","6634"
"1400000US48113014601","Census Tract 146.01, Dallas County, Texas","53333","16463"
"1400000US48113014602","Census Tract 146.02, Dallas County, Texas","39583","8825"
"1400000US48113014703","Census Tract 147.03, Dallas County, Texas","39830","10639"
"1400000US48113015000","Census Tract 150, Dallas County, Texas","47401","9928"
"1400000US48113015100","Census Tract 151, Dallas County, Texas","57565","10201"
"1400000US48113015800","Census Tract 158, Dallas County, Texas","48429","11299"
"1400000US48113016001","Census Tract 160.01, Dallas County, Texas","35853","5254"
"1400000US48113016202","Census Tract 162.02, Dallas County, Texas","43819","8292"
"1400000US48113016302","Census Tract 163.02, Dallas County, Texas","48702","16591"
"1400000US48113016401","Census Tract 164.01, Dallas County, Texas","69718","12628"
"1400000US48113016411","Census Tract 164.11, Dallas County, Texas","78385","15906"
"1400000US48113016514","Census Tract 165.14, Dallas County, Texas","68993","7582"
"1400000US48113016611","Census Tract 166.11, Dallas County, Texas","72975","13344"
"1400000US48113016902","Census Tract 169.02, Dallas County, Texas","38164","4766"
"1400000US48113019208","Census Tract 192.08, Dallas County, Texas","41036","5008"
"1400000US48113018122","Census Tract 181.22, Dallas County, Texas","100625","4122"
"1400000US48113019502","Census Tract 195.02, Dallas County, Texas","176818","60506"
"1400000US48113019700","Census Tract 197, Dallas County, Texas","250,000+","***"
"1400000US48113017807","Census Tract 178.07, Dallas County, Texas","51767","9436"
"1400000US48113015206","Census Tract 152.06, Dallas County, Texas","53875","5022"
"1400000US48113014204","Census Tract 142.04, Dallas County, Texas","27807","6553"
"1400000US48113014310","Census Tract 143.10, Dallas County, Texas","48810","6356"
"1400000US48113014603","Census Tract 146.03, Dallas County, Texas","44074","7639"
"1400000US48113016002","Census Tract 160.02, Dallas County, Texas","37159","8184"
"1400000US48113016409","Census Tract 164.09, Dallas County, Texas","95703","12425"
"1400000US48121020303","Census Tract 203.03, Denton County, Texas","124675","9368"
"1400000US48121020403","Census Tract 204.03, Denton County, Texas","48039","3725"
"1400000US48121020602","Census Tract 206.02, Denton County, Texas","58351","8631"
"1400000US48121020700","Census Tract 207, Denton County, Texas","30345","4017"
"1400000US48121021615","Census Tract 216.15, Denton County, Texas","75174","14355"
"1400000US48121021301","Census Tract 213.01, Denton County, Texas","35000","7867"
"1400000US48121021611","Census Tract 216.11, Denton County, Texas","77963","10167"
"1400000US48121021616","Census Tract 216.16, Denton County, Texas","47724","7062"
"1400000US48121021502","Census Tract 215.02, Denton County, Texas","51848","3470"
"1400000US48121021403","Census Tract 214.03, Denton County, Texas","80747","4844"
"1400000US48121021621","Census Tract 216.21, Denton County, Texas","117917","7730"
"1400000US48121021622","Census Tract 216.22, Denton County, Texas","106215","17073"
"1400000US48121021623","Census Tract 216.23, Denton County, Texas","92500","9609"
"1400000US48121021624","Census Tract 216.24, Denton County, Texas","77863","5462"
"1400000US48121021625","Census Tract 216.25, Denton County, Texas","127629","16773"
"1400000US48121021626","Census Tract 216.26, Denton County, Texas","221974","22530"
"1400000US48121021627","Census Tract 216.27, Denton County, Texas","79965","5358"
"1400000US48121021628","Census Tract 216.28, Denton County, Texas","76411","12276"
"1400000US48121021629","Census Tract 216.29, Denton County, Texas","149444","20937"
"1400000US48121021630","Census Tract 216.30, Denton County, Texas","79214","4680"
"1400000US48121021631","Census Tract 216.31, Denton County, Texas","118000","14780"
"1400000US48121021632","Census Tract 216.32, Denton County, Texas","91977","16642"
"1400000US48121021633","Census Tract 216.33, Denton County, Texas","104315","8933"
"1400000US48121021634","Census Tract 216.34, Denton County, Texas","48224","6589"
"1400000US48121021635","Census Tract 216.35, Denton County, Texas","47991","4727"
"1400000US48121021636","Census Tract 216.36, Denton County, Texas","45590","5170"
"1400000US48121021637","Census Tract 216.37, Denton County, Texas","41215","7074"
"1400000US48121021638","Census Tract 216.38, Denton County, Texas","49437","4362"
"1400000US48121021715","Census Tract 217.15, Denton County, Texas","94954","15109"
"1400000US48121021716","Census Tract 217.16, Denton County, Texas","66144","8978"
"1400000US48121021717","Census Tract 217.17, Denton County, Texas","72281","8540"
"1400000US48121021718","Census Tract 217.18, Denton County, Texas","146882","6724"
"1400000US48121021719","Census Tract 217.19, Denton County, Texas","152750","7328"
"1400000US48121021720","Census Tract 217.20, Denton County, Texas","146250","12411"
"1400000US48121021721","Census Tract 217.21, Denton County, Texas","109474","10094"
"1400000US48121021722","Census Tract 217.22, Denton County, Texas","83287","7741"
"1400000US48121021723","Census Tract 217.23, Denton County, Texas","77619","9929"
"1400000US48121021724","Census Tract 217.24, Denton County, Texas","152875","16025"
"1400000US48121021725","Census Tract 217.25, Denton County, Texas","102663","11012"
"1400000US48121021726","Census Tract 217.26, Denton County, Texas","129758","10438"
"1400000US48121021727","Census Tract 217.27, Denton County, Texas","149219","16189"
"1400000US48121021728","Census Tract 217.28, Denton County, Texas","61044","4216"
"1400000US48121021729","Census Tract 217.29, Denton County, Texas","113977","14230"
"1400000US48121021730","Census Tract 217.30, Denton County, Texas","110789","12718"
"1400000US48121021731","Census Tract 217.31, Denton County, Texas","105294","10686"
"1400000US48121021732","Census Tract 217.32, Denton County, Texas","62019","5732"
"1400000US48121021733","Census Tract 217.33, Denton County, Texas","60694","5857"
"1400000US48121021737","Census Tract 217.37, Denton County, Texas","70655","12967"
"1400000US48121021734","Census Tract 217.34, Denton County, Texas","46817","4999"
"1400000US48121021735","Census Tract 217.35, Denton County, Texas","63125","4526"
"1400000US48121021736","Census Tract 217.36, Denton County, Texas","64510","2933"
"1400000US48121021738","Census Tract 217.38, Denton County, Texas","62045","7920"
"1400000US48121021739","Census Tract 217.39, Denton County, Texas","35909","6571"
"1400000US48121021740","Census Tract 217.40, Denton County, Texas","57348","9831"
"1400000US48121021741","Census Tract 217.41, Denton County, Texas","76750","17034"
"1400000US48121021742","Census Tract 217.42, Denton County, Texas","75395","12099"
"1400000US48121021743","Census Tract 217.43, Denton County, Texas","41961","9988"
"1400000US48121021744","Census Tract 217.44, Denton County, Texas","53365","15177"
"1400000US48121021745","Census Tract 217.45, Denton County, Texas","65263","17016"
"1400000US48121021746","Census Tract 217.46, Denton County, Texas","145227","13623"
"1400000US48121021747","Census Tract 217.47, Denton County, Texas","105056","11461"
"1400000US48121021748","Census Tract 217.48, Denton County, Texas","125882","12349"
"1400000US48121021749","Census Tract 217.49, Denton County, Texas","190774","16122"
"1400000US48121021750","Census Tract 217.50, Denton County, Texas","162279","55913"
"1400000US48121021751","Census Tract 217.51, Denton County, Texas","181397","18184"
"1400000US48121021752","Census Tract 217.52, Denton County, Texas","152143","7373"
"1400000US48121021753","Census Tract 217.53, Denton County, Texas","172083","11157"
"1400000US48121021800","Census Tract 218, Denton County, Texas","137250","23163"
"1400000US48121021900","Census Tract 219, Denton County, Texas","172125","32599"
"1400000US48121020111","Census Tract 201.11, Denton County, Texas","159612","6256"
"1400000US48121020112","Census Tract 201.12, Denton County, Texas","106757","8269"
"1400000US48121020113","Census Tract 201.13, Denton County, Texas","91705","9085"
"1400000US48121020114","Census Tract 201.14, Denton County, Texas","70721","12765"
"1400000US48121020115","Census Tract 201.15, Denton County, Texas","78958","11392"
"1400000US48121020203","Census Tract 202.03, Denton County, Texas","66418","5599"
"1400000US48121020204","Census Tract 202.04, Denton County, Texas","72699","4624"
"1400000US48121020205","Census Tract 202.05, Denton County, Texas","74286","17679"
"1400000US48121020306","Census Tract 203.06, Denton County, Texas","75030","11417"
"1400000US48121020307","Census Tract 203.07, Denton County, Texas","133787","11858"
"1400000US48121020308","Census Tract 203.08, Denton County, Texas","96144","6495"
"1400000US48121020309","Census Tract 203.09, Denton County, Texas","87956","7040"
"1400000US48121020310","Census Tract 203.10, Denton County, Texas","79926","10886"
"1400000US48121020503","Census Tract 205.03, Denton County, Texas","44250","12526"
"1400000US48121020504","Census Tract 205.04, Denton County, Texas","45273","9994"
"1400000US48121020505","Census Tract 205.05, Denton County, Texas","83143","7942"
"1400000US48121020506","Census Tract 205.06, Denton County, Texas","74135","10259"
"1400000US48121021201","Census Tract 212.01, Denton County, Texas","35702","4297"
"1400000US48121021202","Census Tract 212.02, Denton County, Texas","51094","13841"
"1400000US48121021303","Census Tract 213.03, Denton County, Texas","80710","12600"
"1400000US48121021304","Census Tract 213.04, Denton County, Texas","72819","9233"
"1400000US48121021305","Census Tract 213.05, Denton County, Texas","73912","11000"
"1400000US48121021404","Census Tract 214.04, Denton County, Texas","118097","11345"
"1400000US48121021405","Census Tract 214.05, Denton County, Texas","82891","10458"
"1400000US48121021406","Census Tract 214.06, Denton County, Texas","97127","10510"
"1400000US48121021407","Census Tract 214.07, Denton County, Texas","107222","13236"
"1400000US48121021408","Census Tract 214.08, Denton County, Texas","80446","9171"
"1400000US48121021513","Census Tract 215.13, Denton County, Texas","124853","20829"
"1400000US48121021409","Census Tract 214.09, Denton County, Texas","85833","12232"
"1400000US48121021512","Census Tract 215.12, Denton County, Texas","177639","20448"
"1400000US48121021514","Census Tract 215.14, Denton County, Texas","125216","11839"
"1400000US48121021515","Census Tract 215.15, Denton County, Texas","106556","10473"
"1400000US48121021516","Census Tract 215.16, Denton County, Texas","90231","7431"
"1400000US48121021517","Census Tract 215.17, Denton County, Texas","65022","8484"
"1400000US48121021518","Census Tract 215.18, Denton County, Texas","102105","13029"
"1400000US48121021519","Census Tract 215.19, Denton County, Texas","84207","19709"
"1400000US48121021520","Census Tract 215.20, Denton County, Texas","71450","11714"
"1400000US48121021521","Census Tract 215.21, Denton County, Texas","85403","14781"
"1400000US48121021522","Census Tract 215.22, Denton County, Texas","135667","8674"
"1400000US48121021523","Census Tract 215.23, Denton County, Texas","64707","7462"
"1400000US48121021524","Census Tract 215.24, Denton County, Texas","145298","16160"
"1400000US48121021525","Census Tract 215.25, Denton County, Texas","174057","6916"
"1400000US48121021526","Census Tract 215.26, Denton County, Texas","135278","14154"
"1400000US48121021527","Census Tract 215.27, Denton County, Texas","145362","10529"
"1400000US48121021618","Census Tract 216.18, Denton County, Texas","64314","6761"
"1400000US48121021619","Census Tract 216.19, Denton County, Texas","49342","10348"
"1400000US48121021620","Census Tract 216.20, Denton County, Texas","53933","5255"
"1400000US48121020103","Census Tract 201.03, Denton County, Texas","67472","7576"
"1400000US48121020104","Census Tract 201.04, Denton County, Texas","105539","7853"
"1400000US48121020105","Census Tract 201.05, Denton County, Texas","97344","10226"
"1400000US48121020106","Census Tract 201.06, Denton County, Texas","94258","6014"
"1400000US48121020107","Census Tract 201.07, Denton County, Texas","92386","14642"
"1400000US48121020108","Census Tract 201.08, Denton County, Texas","116301","6077"
"1400000US48121020109","Census Tract 201.09, Denton County, Texas","148967","14317"
"1400000US48121020110","Census Tract 201.10, Denton County, Texas","143281","17195"
"1400000US48121021612","Census Tract 216.12, Denton County, Texas","71360","7661"
"1400000US48121020202","Census Tract 202.02, Denton County, Texas","73887","10077"
"1400000US48121020601","Census Tract 206.01, Denton County, Texas","32609","4719"
"1400000US48121021000","Census Tract 210, Denton County, Texas","26021","3294"
"1400000US48121020402","Census Tract 204.02, Denton County, Texas","77607","3400"
"1400000US48121021100","Census Tract 211, Denton County, Texas","22353","6569"
"1400000US48121020900","Census Tract 209, Denton County, Texas","21136","1270"
"1400000US48121021505","Census Tract 215.05, Denton County, Texas","79702","15453"
"1400000US48121021613","Census Tract 216.13, Denton County, Texas","53922","3464"
"1400000US48121020401","Census Tract 204.01, Denton County, Texas","64080","10991"
"1400000US48121021614","Census Tract 216.14, Denton County, Texas","62963","6576"
"1400000US48121020305","Census Tract 203.05, Denton County, Texas","137321","26641"
"1400000US48121020800","Census Tract 208, Denton County, Texas","33874","6531"
"1400000US48439123100","Census Tract 1231, Tarrant County, Texas","26049","5117"
"1400000US48439123000","Census Tract 1230, Tarrant County, Texas","51299","3137"
"1400000US48439123200","Census Tract 1232, Tarrant County, Texas","64750","17884"
"1400000US48439123300","Census Tract 1233, Tarrant County, Texas","82396","10587"
"1400000US48439123400","Census Tract 1234, Tarrant County, Texas","48750","15290"
"1400000US48439123500","Census Tract 1235, Tarrant County, Texas","32319","7716"
"1400000US48439123600","Census Tract 1236, Tarrant County, Texas","29757","5272"
"1400000US48439980000","Census Tract 9800, Tarrant County, Texas","-","**"
"1400000US48439111525","Census Tract 1115.25, Tarrant County, Texas","51659","8473"
"1400000US48439111005","Census Tract 1110.05, Tarrant County, Texas","50702","15687"
"1400000US48439111404","Census Tract 1114.04, Tarrant County, Texas","58580","6179"
"1400000US48439100102","Census Tract 1001.02, Tarrant County, Texas","51182","7515"
"1400000US48439100201","Census Tract 1002.01, Tarrant County, Texas","36504","5326"
"1400000US48439102000","Census Tract 1020, Tarrant County, Texas","86673","7080"
"1400000US48439102100","Census Tract 1021, Tarrant County, Texas","60918","12568"
"1400000US48439100501","Census Tract 1005.01, Tarrant County, Texas","34137","3606"
"1400000US48439101401","Census Tract 1014.01, Tarrant County, Texas","59583","9329"
"1400000US48439101700","Census Tract 1017, Tarrant County, Texas","14323","2803"
"1400000US48439102800","Census Tract 1028, Tarrant County, Texas","92969","12959"
"1400000US48439100400","Census Tract 1004, Tarrant County, Texas","31853","3096"
"1400000US48439100602","Census Tract 1006.02, Tarrant County, Texas","57386","9453"
"1400000US48439101500","Census Tract 1015, Tarrant County, Texas","37675","11159"
"1400000US48439102500","Census Tract 1025, Tarrant County, Texas","20762","6272"
"1400000US48439102700","Census Tract 1027, Tarrant County, Texas","75347","12907"
"1400000US48439104100","Census Tract 1041, Tarrant County, Texas","78071","10274"
"1400000US48439105701","Census Tract 1057.01, Tarrant County, Texas","68565","13764"
"1400000US48439105704","Census Tract 1057.04, Tarrant County, Texas","43968","6986"
"1400000US48439106400","Census Tract 1064, Tarrant County, Texas","48924","8048"
"1400000US48439106503","Census Tract 1065.03, Tarrant County, Texas","49009","5678"
"1400000US48439110402","Census Tract 1104.02, Tarrant County, Texas","53670","9394"
"1400000US48439110701","Census Tract 1107.01, Tarrant County, Texas","48133","5438"
"1400000US48439110907","Census Tract 1109.07, Tarrant County, Texas","78447","12962"
"1400000US48439111012","Census Tract 1110.12, Tarrant County, Texas","69741","8135"
"1400000US48439114204","Census Tract 1142.04, Tarrant County, Texas","62783","4738"
"1400000US48439113703","Census Tract 1137.03, Tarrant County, Texas","84772","5330"
"1400000US48439113908","Census Tract 1139.08, Tarrant County, Texas","239313","25038"
"1400000US48439113909","Census Tract 1139.09, Tarrant County, Texas","228692","26495"
"1400000US48439114205","Census Tract 1142.05, Tarrant County, Texas","57625","17868"
"1400000US48439121606","Census Tract 1216.06, Tarrant County, Texas","102361","20773"
"1400000US48439105203","Census Tract 1052.03, Tarrant County, Texas","48190","8439"
"1400000US48439105405","Census Tract 1054.05, Tarrant County, Texas","55288","6611"
"1400000US48439111536","Census Tract 1115.36, Tarrant County, Texas","45417","9582"
"1400000US48439111538","Census Tract 1115.38, Tarrant County, Texas","77574","6798"
"1400000US48439111542","Census Tract 1115.42, Tarrant County, Texas","96364","14792"
"1400000US48439111017","Census Tract 1110.17, Tarrant County, Texas","107182","7387"
"1400000US48439111018","Census Tract 1110.18, Tarrant County, Texas","111786","15683"
"1400000US48439111103","Census Tract 1111.03, Tarrant County, Texas","39722","11192"
"1400000US48439111307","Census Tract 1113.07, Tarrant County, Texas","58250","8217"
"1400000US48439111104","Census Tract 1111.04, Tarrant County, Texas","53299","9594"
"1400000US48439111203","Census Tract 1112.03, Tarrant County, Texas","75655","12354"
"1400000US48439111204","Census Tract 1112.04, Tarrant County, Texas","72743","5609"
"1400000US48439111308","Census Tract 1113.08, Tarrant County, Texas","66635","15166"
"1400000US48439111309","Census Tract 1113.09, Tarrant County, Texas","58423","7562"
"1400000US48439111310","Census Tract 1113.10, Tarrant County, Texas","77383","15631"
"1400000US48439111311","Census Tract 1113.11, Tarrant County, Texas","110769","8878"
"1400000US48439111312","Census Tract 1113.12, Tarrant County, Texas","147763","15250"
"1400000US48439111313","Census Tract 1113.13, Tarrant County, Texas","122361","11567"
"1400000US48439111314","Census Tract 1113.14, Tarrant County, Texas","120234","11044"
"1400000US48439111406","Census Tract 1114.06, Tarrant County, Texas","111699","10697"
"1400000US48439111407","Census Tract 1114.07, Tarrant County, Texas","106042","11810"
"1400000US48439111408","Census Tract 1114.08, Tarrant County, Texas","92500","17749"
"1400000US48439111409","Census Tract 1114.09, Tarrant County, Texas","126589","5611"
"1400000US48439111547","Census Tract 1115.47, Tarrant County, Texas","71455","10712"
"1400000US48439111548","Census Tract 1115.48, Tarrant County, Texas","100647","9396"
"1400000US48439111549","Census Tract 1115.49, Tarrant County, Texas","117578","12712"
"1400000US48439111550","Census Tract 1115.50, Tarrant County, Texas","85649","3526"
"1400000US48439111551","Census Tract 1115.51, Tarrant County, Texas","117667","18242"
"1400000US48439111552","Census Tract 1115.52, Tarrant County, Texas","61767","12823"
"1400000US48439111553","Census Tract 1115.53, Tarrant County, Texas","49728","9027"
"1400000US48439113113","Census Tract 1131.13, Tarrant County, Texas","69274","12853"
"1400000US48439113114","Census Tract 1131.14, Tarrant County, Texas","57125","11524"
"1400000US48439113115","Census Tract 1131.15, Tarrant County, Texas","40337","5048"
"1400000US48439113116","Census Tract 1131.16, Tarrant County, Texas","44046","5772"
"1400000US48439113220","Census Tract 1132.20, Tarrant County, Texas","44071","4736"
"1400000US48439111304","Census Tract 1113.04, Tarrant County, Texas","90014","7479"
"1400000US48439111516","Census Tract 1115.16, Tarrant County, Texas","64298","10628"
"1400000US48439111521","Census Tract 1115.21, Tarrant County, Texas","58948","5074"
"1400000US48439111523","Census Tract 1115.23, Tarrant County, Texas","50993","7750"
"1400000US48439111524","Census Tract 1115.24, Tarrant County, Texas","46517","6613"
"1400000US48439105703","Census Tract 1057.03, Tarrant County, Texas","62500","16959"
"1400000US48439105507","Census Tract 1055.07, Tarrant County, Texas","102971","18602"
"1400000US48439106004","Census Tract 1060.04, Tarrant County, Texas","54508","4694"
"1400000US48439106202","Census Tract 1062.02, Tarrant County, Texas","27417","3010"
"1400000US48439106515","Census Tract 1065.15, Tarrant County, Texas","42694","9997"
"1400000US48439100202","Census Tract 1002.02, Tarrant County, Texas","44286","9266"
"1400000US48439100601","Census Tract 1006.01, Tarrant County, Texas","68304","11551"
"1400000US48439101402","Census Tract 1014.02, Tarrant County, Texas","35805","7575"
"1400000US48439102201","Census Tract 1022.01, Tarrant County, Texas","73446","11002"
"1400000US48439102202","Census Tract 1022.02, Tarrant County, Texas","100714","19846"
"1400000US48439110302","Census Tract 1103.02, Tarrant County, Texas","36336","6122"
"1400000US48439102301","Census Tract 1023.01, Tarrant County, Texas","37250","6985"
"1400000US48439102401","Census Tract 1024.01, Tarrant County, Texas","50515","21770"
"1400000US48439106513","Census Tract 1065.13, Tarrant County, Texas","52039","8308"
"1400000US48439111202","Census Tract 1112.02, Tarrant County, Texas","40156","5584"
"1400000US48439111537","Census Tract 1115.37, Tarrant County, Texas","63321","6616"
"1400000US48439113407","Census Tract 1134.07, Tarrant County, Texas","46342","7504"
"1400000US48439113112","Census Tract 1131.12, Tarrant County, Texas","63314","19003"
"1400000US48439113217","Census Tract 1132.17, Tarrant County, Texas","62500","13005"
"1400000US48439113511","Census Tract 1135.11, Tarrant County, Texas","59095","5516"
"1400000US48439113516","Census Tract 1135.16, Tarrant County, Texas","79766","9376"
"1400000US48439113624","Census Tract 1136.24, Tarrant County, Texas","103030","6714"
"1400000US48439113911","Census Tract 1139.11, Tarrant County, Texas","73491","10023"
"1400000US48439121604","Census Tract 1216.04, Tarrant County, Texas","48298","11653"
"1400000US48439122100","Census Tract 1221, Tarrant County, Texas","43321","16538"
"1400000US48439114005","Census Tract 1140.05, Tarrant County, Texas","78286","3754"
"1400000US48439122400","Census Tract 1224, Tarrant County, Texas","34412","9792"
"1400000US48439122600","Census Tract 1226, Tarrant County, Texas","56920","11880"
"1400000US48439111531","Census Tract 1115.31, Tarrant County, Texas","77371","9881"
"1400000US48439111543","Census Tract 1115.43, Tarrant County, Texas","38861","8513"
"1400000US48439113404","Census Tract 1134.04, Tarrant County, Texas","53719","8858"
"1400000US48439113629","Census Tract 1136.29, Tarrant County, Texas","59818","12884"
"1400000US48439113809","Census Tract 1138.09, Tarrant County, Texas","63275","6466"
"1400000US48439121704","Census Tract 1217.04, Tarrant County, Texas","31784","2961"
"1400000US48439111513","Census Tract 1115.13, Tarrant County, Texas","77031","7714"
"1400000US48439100900","Census Tract 1009, Tarrant County, Texas","30333","6283"
"1400000US48439101201","Census Tract 1012.01, Tarrant County, Texas","57156","8967"
"1400000US48439101302","Census Tract 1013.02, Tarrant County, Texas","41844","6209"
"1400000US48439103800","Census Tract 1038, Tarrant County, Texas","21364","4370"
"1400000US48439104202","Census Tract 1042.02, Tarrant County, Texas","62708","4226"
"1400000US48439104602","Census Tract 1046.02, Tarrant County, Texas","40461","2802"
"1400000US48439104603","Census Tract 1046.03, Tarrant County, Texas","30110","6746"
"1400000US48439104802","Census Tract 1048.02, Tarrant County, Texas","41686","12238"
"1400000US48439105001","Census Tract 1050.01, Tarrant County, Texas","44432","11999"
"1400000US48439105006","Census Tract 1050.06, Tarrant County, Texas","-","**"
"1400000US48439105503","Census Tract 1055.03, Tarrant County, Texas","53750","11827"
"1400000US48439105511","Census Tract 1055.11, Tarrant County, Texas","45276","4577"
"1400000US48439106001","Census Tract 1060.01, Tarrant County, Texas","46698","11206"
"1400000US48439106002","Census Tract 1060.02, Tarrant County, Texas","37453","10187"
"1400000US48439103500","Census Tract 1035, Tarrant County, Texas","31780","5624"
"1400000US48439113912","Census Tract 1139.12, Tarrant County, Texas","150851","20972"
"1400000US48439121608","Census Tract 1216.08, Tarrant County, Texas","72680","2605"
"1400000US48439121610","Census Tract 1216.10, Tarrant County, Texas","71458","14587"
"1400000US48439122700","Census Tract 1227, Tarrant County, Texas","43692","5933"
"1400000US48439113213","Census Tract 1132.13, Tarrant County, Texas","59688","9582"
"1400000US48439113218","Census Tract 1132.18, Tarrant County, Texas","91136","10581"
"1400000US48439113405","Census Tract 1134.05, Tarrant County, Texas","54234","4289"
"1400000US48439113613","Census Tract 1136.13, Tarrant County, Texas","89107","14992"
"1400000US48439113627","Census Tract 1136.27, Tarrant County, Texas","53464","7597"
"1400000US48439113803","Census Tract 1138.03, Tarrant County, Texas","74117","4479"
"1400000US48439113907","Census Tract 1139.07, Tarrant County, Texas","250,000+","***"
"1400000US48439103602","Census Tract 1036.02, Tarrant County, Texas","27885","6758"
"1400000US48439104300","Census Tract 1043, Tarrant County, Texas","39775","7115"
"1400000US48439104505","Census Tract 1045.05, Tarrant County, Texas","27917","5689"
"1400000US48439104601","Census Tract 1046.01, Tarrant County, Texas","37462","16158"
"1400000US48439105201","Census Tract 1052.01, Tarrant County, Texas","32199","4778"
"1400000US48439105512","Census Tract 1055.12, Tarrant County, Texas","76250","13028"
"1400000US48439105800","Census Tract 1058, Tarrant County, Texas","41354","8339"
"1400000US48439106300","Census Tract 1063, Tarrant County, Texas","32044","7247"
"1400000US48439106502","Census Tract 1065.02, Tarrant County, Texas","53235","12040"
"1400000US48439106512","Census Tract 1065.12, Tarrant County, Texas","42138","7551"
"1400000US48439111003","Census Tract 1110.03, Tarrant County, Texas","72500","14936"
"1400000US48439102601","Census Tract 1026.01, Tarrant County, Texas","39748","5866"
"1400000US48439102602","Census Tract 1026.02, Tarrant County, Texas","71083","12019"
"1400000US48439104701","Census Tract 1047.01, Tarrant County, Texas","39318","4730"
"1400000US48439104702","Census Tract 1047.02, Tarrant County, Texas","30574","4842"
"1400000US48439104803","Census Tract 1048.03, Tarrant County, Texas","36325","4171"
"1400000US48439104804","Census Tract 1048.04, Tarrant County, Texas","40000","4993"
"1400000US48439105007","Census Tract 1050.07, Tarrant County, Texas","57274","4471"
"1400000US48439105008","Census Tract 1050.08, Tarrant County, Texas","64179","8878"
"1400000US48439105513","Census Tract 1055.13, Tarrant County, Texas","28241","3057"
"1400000US48439105514","Census Tract 1055.14, Tarrant County, Texas","41142","4521"
"1400000US48439105901","Census Tract 1059.01, Tarrant County, Texas","43003","3895"
"1400000US48439105902","Census Tract 1059.02, Tarrant County, Texas","26611","6047"
"1400000US48439106517","Census Tract 1065.17, Tarrant County, Texas","60549","5276"
"1400000US48439106518","Census Tract 1065.18, Tarrant County, Texas","57424","6785"
"1400000US48439110600","Census Tract 1106, Tarrant County, Texas","56875","5254"
"1400000US48439110805","Census Tract 1108.05, Tarrant County, Texas","69637","9299"
"1400000US48439110806","Census Tract 1108.06, Tarrant County, Texas","83984","11998"
"1400000US48439111015","Census Tract 1110.15, Tarrant County, Texas","54279","11797"
"1400000US48439110807","Census Tract 1108.07, Tarrant County, Texas","72064","13532"
"1400000US48439110808","Census Tract 1108.08, Tarrant County, Texas","171190","19586"
"1400000US48439110809","Census Tract 1108.09, Tarrant County, Texas","92303","8177"
"1400000US48439111016","Census Tract 1110.16, Tarrant County, Texas","95691","7325"
"1400000US48439113221","Census Tract 1132.21, Tarrant County, Texas","63500","5485"
"1400000US48439113517","Census Tract 1135.17, Tarrant County, Texas","69848","8617"
"1400000US48439113518","Census Tract 1135.18, Tarrant County, Texas","55250","7893"
"1400000US48439113519","Census Tract 1135.19, Tarrant County, Texas","87583","10911"
"1400000US48439113520","Census Tract 1135.20, Tarrant County, Texas","65875","6026"
"1400000US48439113631","Census Tract 1136.31, Tarrant County, Texas","58598","12114"
"1400000US48439113632","Census Tract 1136.32, Tarrant County, Texas","154464","21039"
"1400000US48439113633","Census Tract 1136.33, Tarrant County, Texas","132500","19311"
"1400000US48439113634","Census Tract 1136.34, Tarrant County, Texas","185759","18887"
"1400000US48439113709","Census Tract 1137.09, Tarrant County, Texas","126269","7076"
"1400000US48439113710","Census Tract 1137.10, Tarrant County, Texas","66307","10172"
"1400000US48439113711","Census Tract 1137.11, Tarrant County, Texas","81484","9768"
"1400000US48439113812","Census Tract 1138.12, Tarrant County, Texas","111250","8067"
"1400000US48439113813","Census Tract 1138.13, Tarrant County, Texas","137596","24215"
"1400000US48439113814","Census Tract 1138.14, Tarrant County, Texas","156250","16828"
"1400000US48439113815","Census Tract 1138.15, Tarrant County, Texas","201528","19209"
"1400000US48439113816","Census Tract 1138.16, Tarrant County, Texas","156830","9706"
"1400000US48439113917","Census Tract 1139.17, Tarrant County, Texas","72208","10080"
"1400000US48439113918","Census Tract 1139.18, Tarrant County, Texas","65700","9711"
"1400000US48439113919","Census Tract 1139.19, Tarrant County, Texas","103872","11741"
"1400000US48439113920","Census Tract 1139.20, Tarrant County, Texas","105273","15447"
"1400000US48439113921","Census Tract 1139.21, Tarrant County, Texas","105807","11547"
"1400000US48439113922","Census Tract 1139.22, Tarrant County, Texas","95828","11658"
"1400000US48439113923","Census Tract 1139.23, Tarrant County, Texas","77373","9708"
"1400000US48439113924","Census Tract 1139.24, Tarrant County, Texas","68056","12299"
"1400000US48439113925","Census Tract 1139.25, Tarrant County, Texas","74125","13491"
"1400000US48439113926","Census Tract 1139.26, Tarrant County, Texas","94744","6591"
"1400000US48439113927","Census Tract 1139.27, Tarrant County, Texas","98974","6264"
"1400000US48439113928","Census Tract 1139.28, Tarrant County, Texas","95000","8551"
"1400000US48439113929","Census Tract 1139.29, Tarrant County, Texas","118750","13216"
"1400000US48439114007","Census Tract 1140.07, Tarrant County, Texas","84943","13783"
"1400000US48439114008","Census Tract 1140.08, Tarrant County, Texas","77863","7073"
"1400000US48439114103","Census Tract 1141.03, Tarrant County, Texas","101838","10927"
"1400000US48439114104","Census Tract 1141.04, Tarrant County, Texas","123393","12513"
"1400000US48439114206","Census Tract 1142.06, Tarrant County, Texas","88571","24717"
"1400000US48439114207","Census Tract 1142.07, Tarrant County, Texas","96711","8430"
"1400000US48439121903","Census Tract 1219.03, Tarrant County, Texas","32109","5576"
"1400000US48439121904","Census Tract 1219.04, Tarrant County, Texas","39107","11870"
"1400000US48439121905","Census Tract 1219.05, Tarrant County, Texas","23986","6456"
"1400000US48439121906","Census Tract 1219.06, Tarrant County, Texas","33286","8844"
"1400000US48439122001","Census Tract 1220.01, Tarrant County, Texas","54052","11288"
"1400000US48439122002","Census Tract 1220.02, Tarrant County, Texas","37000","7910"
"1400000US48439122801","Census Tract 1228.01, Tarrant County, Texas","34747","6564"
"1400000US48439122802","Census Tract 1228.02, Tarrant County, Texas","39214","6969"
"1400000US48439113214","Census Tract 1132.14, Tarrant County, Texas","67530","4394"
"1400000US48439113215","Census Tract 1132.15, Tarrant County, Texas","66213","5760"
"1400000US48439113509","Census Tract 1135.09, Tarrant County, Texas","55089","8423"
"1400000US48439113514","Census Tract 1135.14, Tarrant County, Texas","39899","5421"
"1400000US48439113611","Census Tract 1136.11, Tarrant County, Texas","105592","9729"
"1400000US48439113612","Census Tract 1136.12, Tarrant County, Texas","102102","11633"
"1400000US48439106516","Census Tract 1065.16, Tarrant County, Texas","29198","5905"
"1400000US48439106600","Census Tract 1066, Tarrant County, Texas","29643","3417"
"1400000US48439110301","Census Tract 1103.01, Tarrant County, Texas","45368","7101"
"1400000US48439110500","Census Tract 1105, Tarrant County, Texas","49275","11868"
"1400000US48439110906","Census Tract 1109.06, Tarrant County, Texas","66322","6118"
"1400000US48439111011","Census Tract 1110.11, Tarrant County, Texas","77564","8655"
"1400000US48439111013","Census Tract 1110.13, Tarrant County, Texas","65816","8743"
"1400000US48439111534","Census Tract 1115.34, Tarrant County, Texas","75800","12360"
"1400000US48439111306","Census Tract 1113.06, Tarrant County, Texas","83092","8677"
"1400000US48439111405","Census Tract 1114.05, Tarrant County, Texas","51150","9999"
"1400000US48439111529","Census Tract 1115.29, Tarrant County, Texas","79258","13561"
"1400000US48439111541","Census Tract 1115.41, Tarrant County, Texas","63938","14968"
"1400000US48439111545","Census Tract 1115.45, Tarrant County, Texas","122829","19104"
"1400000US48439113108","Census Tract 1131.08, Tarrant County, Texas","118333","9514"
"1400000US48439113110","Census Tract 1131.10, Tarrant County, Texas","50827","7814"
"1400000US48439113210","Census Tract 1132.10, Tarrant County, Texas","92703","16652"
"1400000US48439105600","Census Tract 1056, Tarrant County, Texas","59188","8734"
"1400000US48439106102","Census Tract 1061.02, Tarrant County, Texas","31049","7812"
"1400000US48439106201","Census Tract 1062.01, Tarrant County, Texas","43673","8826"
"1400000US48439106507","Census Tract 1065.07, Tarrant County, Texas","45524","6802"
"1400000US48439106514","Census Tract 1065.14, Tarrant County, Texas","56063","17063"
"1400000US48439106700","Census Tract 1067, Tarrant County, Texas","63558","10433"
"1400000US48439110203","Census Tract 1102.03, Tarrant County, Texas","62838","7537"
"1400000US48439110401","Census Tract 1104.01, Tarrant County, Texas","59217","5089"
"1400000US48439110704","Census Tract 1107.04, Tarrant County, Texas","39732","10812"
"1400000US48439110903","Census Tract 1109.03, Tarrant County, Texas","80144","13970"
"1400000US48439111008","Census Tract 1110.08, Tarrant County, Texas","75051","7892"
"1400000US48439111010","Census Tract 1110.10, Tarrant County, Texas","79800","20406"
"1400000US48439111522","Census Tract 1115.22, Tarrant County, Texas","54958","13476"
"1400000US48439111526","Census Tract 1115.26, Tarrant County, Texas","56847","3685"
"1400000US48439113001","Census Tract 1130.01, Tarrant County, Texas","71719","9001"
"1400000US48439113002","Census Tract 1130.02, Tarrant County, Texas","42172","7916"
"1400000US48439113510","Census Tract 1135.10, Tarrant County, Texas","54430","5816"
"1400000US48439113618","Census Tract 1136.18, Tarrant County, Texas","69357","8935"
"1400000US48439113623","Census Tract 1136.23, Tarrant County, Texas","92611","6719"
"1400000US48439113808","Census Tract 1138.08, Tarrant County, Texas","74000","8028"
"1400000US48439113625","Census Tract 1136.25, Tarrant County, Texas","112841","16889"
"1400000US48439113628","Census Tract 1136.28, Tarrant County, Texas","60653","5110"
"1400000US48439113707","Census Tract 1137.07, Tarrant County, Texas","127324","9019"
"1400000US48439113906","Census Tract 1139.06, Tarrant County, Texas","218636","31076"
"1400000US48439113916","Census Tract 1139.16, Tarrant County, Texas","61588","8081"
"1400000US48439100101","Census Tract 1001.01, Tarrant County, Texas","55739","12856"
"1400000US48439101202","Census Tract 1012.02, Tarrant County, Texas","44534","3969"
"1400000US48439101403","Census Tract 1014.03, Tarrant County, Texas","35948","5068"
"1400000US48439104201","Census Tract 1042.01, Tarrant County, Texas","110370","29256"
"1400000US48439104502","Census Tract 1045.02, Tarrant County, Texas","35606","3558"
"1400000US48439105205","Census Tract 1052.05, Tarrant County, Texas","30214","2774"
"1400000US48439113104","Census Tract 1131.04, Tarrant County, Texas","42141","2253"
"1400000US48439113207","Census Tract 1132.07, Tarrant County, Texas","96594","8404"
"1400000US48439103702","Census Tract 1037.02, Tarrant County, Texas","30882","7549"
"1400000US48439104504","Census Tract 1045.04, Tarrant County, Texas","29056","7933"
"1400000US48439104605","Census Tract 1046.05, Tarrant County, Texas","34341","6662"
"1400000US48439105502","Census Tract 1055.02, Tarrant County, Texas","49781","15657"
"1400000US48439105505","Census Tract 1055.05, Tarrant County, Texas","54260","3165"
"1400000US48439105510","Census Tract 1055.10, Tarrant County, Texas","61194","9752"
"1400000US48439106509","Census Tract 1065.09, Tarrant County, Texas","65243","13424"
"1400000US48439110703","Census Tract 1107.03, Tarrant County, Texas","54792","11259"
"1400000US48439111506","Census Tract 1115.06, Tarrant County, Texas","50091","9018"
"1400000US48439111533","Census Tract 1115.33, Tarrant County, Texas","71711","15274"
"1400000US48439111544","Census Tract 1115.44, Tarrant County, Texas","78806","6668"
"1400000US48439111546","Census Tract 1115.46, Tarrant County, Texas","85521","15944"
"1400000US48439113206","Census Tract 1132.06, Tarrant County, Texas","57632","5393"
"1400000US48439113301","Census Tract 1133.01, Tarrant County, Texas","72661","6283"
"1400000US48439113302","Census Tract 1133.02, Tarrant County, Texas","47188","12493"
"1400000US48439113408","Census Tract 1134.08, Tarrant County, Texas","49883","7511"
"1400000US48439113610","Census Tract 1136.10, Tarrant County, Texas","158219","25336"
"1400000US48439113705","Census Tract 1137.05, Tarrant County, Texas","54081","5871"
"1400000US48439114003","Census Tract 1140.03, Tarrant County, Texas","79867","6881"
"1400000US48439121601","Census Tract 1216.01, Tarrant County, Texas","67695","13910"
"1400000US48439121609","Census Tract 1216.09, Tarrant County, Texas","118669","19971"
"1400000US48439122500","Census Tract 1225, Tarrant County, Texas","54944","4140"
"1400000US48439100300","Census Tract 1003, Tarrant County, Texas","35928","2928"
"1400000US48439100700","Census Tract 1007, Tarrant County, Texas","45019","5758"
"1400000US48439102302","Census Tract 1023.02, Tarrant County, Texas","41823","7827"
"1400000US48439105204","Census Tract 1052.04, Tarrant County, Texas","30753","3546"
"1400000US48439103701","Census Tract 1037.01, Tarrant County, Texas","27017","6395"
"1400000US48439104400","Census Tract 1044, Tarrant County, Texas","54537","12799"
"1400000US48439104900","Census Tract 1049, Tarrant County, Texas","44167","6782"
"1400000US48439105508","Census Tract 1055.08, Tarrant County, Texas","52334","3214"
"1400000US48439110102","Census Tract 1101.02, Tarrant County, Texas","51403","4772"
"1400000US48439110202","Census Tract 1102.02, Tarrant County, Texas","55679","8398"
"1400000US48439110204","Census Tract 1102.04, Tarrant County, Texas","55760","6978"
"1400000US48439110905","Census Tract 1109.05, Tarrant County, Texas","87153","13913"
"1400000US48439111301","Census Tract 1113.01, Tarrant County, Texas","90678","12403"
"1400000US48439111402","Census Tract 1114.02, Tarrant County, Texas","75270","12084"
"1400000US48439111505","Census Tract 1115.05, Tarrant County, Texas","68153","8902"
"1400000US48439102402","Census Tract 1024.02, Tarrant County, Texas","101042","21919"
"1400000US48439105404","Census Tract 1054.04, Tarrant County, Texas","131250","21573"
"1400000US48439110101","Census Tract 1101.01, Tarrant County, Texas","45711","4151"
"1400000US48439111514","Census Tract 1115.14, Tarrant County, Texas","67257","10128"
"1400000US48439113607","Census Tract 1136.07, Tarrant County, Texas","50917","11212"
"1400000US48439111530","Census Tract 1115.30, Tarrant County, Texas","95563","9705"
"1400000US48439113109","Census Tract 1131.09, Tarrant County, Texas","55540","9555"
"1400000US48439113216","Census Tract 1132.16, Tarrant County, Texas","51783","9932"
"1400000US48439122200","Census Tract 1222, Tarrant County, Texas","25069","5897"
"1400000US48439122300","Census Tract 1223, Tarrant County, Texas","20044","2931"
"1400000US48439122900","Census Tract 1229, Tarrant County, Texas","43940","5295"
"1400000US48439111539","Census Tract 1115.39, Tarrant County, Texas","97460","14358"
"1400000US48439111540","Census Tract 1115.40, Tarrant County, Texas","67656","20023"
"1400000US48439113102","Census Tract 1131.02, Tarrant County, Texas","49578","5983"
"1400000US48439113111","Census Tract 1131.11, Tarrant County, Texas","35065","4891"
"1400000US48439113630","Census Tract 1136.30, Tarrant County, Texas","57229","4568"
"1400000US48439113619","Census Tract 1136.19, Tarrant County, Texas","48274","11627"
"1400000US48439113622","Census Tract 1136.22, Tarrant County, Texas","170859","17594"
"1400000US48439113811","Census Tract 1138.11, Tarrant County, Texas","58333","5686"
"1400000US48439114102","Census Tract 1141.02, Tarrant County, Texas","111639","14699"
"1400000US48439114203","Census Tract 1142.03, Tarrant County, Texas","55200","15030"
"1400000US48439121605","Census Tract 1216.05, Tarrant County, Texas","52388","21124"
"1400000US48439121703","Census Tract 1217.03, Tarrant County, Texas","33419","3938"
"1400000US48439100800","Census Tract 1008, Tarrant County, Texas","43114","2368"
"1400000US48439103601","Census Tract 1036.01, Tarrant County, Texas","16914","4879"
"1400000US48439113107","Census Tract 1131.07, Tarrant County, Texas","92763","24560"
"1400000US48439121702","Census Tract 1217.02, Tarrant County, Texas","43661","9428"
"1400000US48439113513","Census Tract 1135.13, Tarrant County, Texas","57500","7828"
"1400000US48439105406","Census Tract 1054.06, Tarrant County, Texas","61948","4430"
"1400000US48439106511","Census Tract 1065.11, Tarrant County, Texas","43844","8763"
"1400000US48439113403","Census Tract 1134.03, Tarrant County, Texas","68864","9213"
"1400000US48439113910","Census Tract 1139.10, Tarrant County, Texas","183185","13889"
"1400000US48439113810","Census Tract 1138.10, Tarrant County, Texas","66813","5874"
"1400000US48439106510","Census Tract 1065.10, Tarrant County, Texas","88490","16391"
"1400000US48439111102","Census Tract 1111.02, Tarrant County, Texas","45307","7890"
"1400000US48439104604","Census Tract 1046.04, Tarrant County, Texas","36977","4871"
"1400000US48439105403","Census Tract 1054.03, Tarrant County, Texas","83185","12958"
"1400000US48439121611","Census Tract 1216.11, Tarrant County, Texas","72378","11190"
"1400000US48439110901","Census Tract 1109.01, Tarrant County, Texas","77750","8564"
"1400000US48439111532","Census Tract 1115.32, Tarrant County, Texas","82022","7975"
"1400000US48439113212","Census Tract 1132.12, Tarrant County, Texas","77222","14921"
"1400000US48439113512","Census Tract 1135.12, Tarrant County, Texas","56450","3475"
"1400000US48439113626","Census Tract 1136.26, Tarrant County, Texas","85281","9612"
"1400000US48439114006","Census Tract 1140.06, Tarrant County, Texas","76426","5242"
"1400000US48439101301","Census Tract 1013.01, Tarrant County, Texas","38844","10997"
"1400000US48439104503","Census Tract 1045.03, Tarrant County, Texas","42386","6795"
"1400000US48439106101","Census Tract 1061.01, Tarrant County, Texas","37063","10066"
"1400000US48439100502","Census Tract 1005.02, Tarrant County, Texas","42066","8781"
