<?xml version="1.0" encoding="UTF-8"?><_ROOT_ EMVERSION="14.2" ORIENTATION="HORIZONTAL">
<Workspace>
<NODES>
<NODE CLASS="SASHELP.EMCORE.EXTENSION.CLASS" COMPONENT="EMSave" ID="EMSave" X="657" Y="128" DESCRIPTION="Save Data" DIAGRAMID="_ROOT_" PARENTID="" TOOLTYPE="UTILITY" TOOLPREFIX="EMSave">
<PROPERTIES Location="CATALOG" Catalog="Sashelp.Emutil.Savext.Source" Type="CSV" Replace="Y" AllObs="Y" OutObs="1000" AllRoles="Y" Train="Y" Validate="Y" Test="Y" Score="Y" Transaction="Y" ForceRun="N" RunAction="Train" Component="EMSave" Lib="" DirectorySelector="C:\Users\kxy180005\Desktop" Name="Income">
<VariableProperties/>
<EmVariableAttributes/>
<EmTargetAttributes/>
<EmFileProperties>
<USERTRAINCODE Type="EXTERNAL" Extension="sas">
<Data/>
</USERTRAINCODE>
<EMNOTES Type="EXTERNAL" Extension="txt">
<Data/>
</EMNOTES>
</EmFileProperties>
</PROPERTIES>
</NODE>
<NODE CLASS="SASHELP.EMCORE.EXTENSION.CLASS" COMPONENT="EMSave" ID="EMSave10" X="707" Y="1181" DESCRIPTION="Save Data (10)" DIAGRAMID="_ROOT_" PARENTID="" TOOLTYPE="UTILITY" TOOLPREFIX="EMSave">
<PROPERTIES Location="CATALOG" Catalog="Sashelp.Emutil.Savext.Source" Type="CSV" Replace="Y" AllObs="Y" OutObs="1000" AllRoles="Y" Train="Y" Validate="Y" Test="Y" Score="Y" Transaction="Y" ForceRun="N" RunAction="Train" Component="EMSave" Lib="" DirectorySelector="C:\Users\kxy180005\Desktop" Name="">
<VariableProperties/>
<EmVariableAttributes/>
<EmTargetAttributes/>
<EmFileProperties>
<USERTRAINCODE Type="EXTERNAL" Extension="sas">
<Data/>
</USERTRAINCODE>
<EMNOTES Type="EXTERNAL" Extension="txt">
<Data/>
</EMNOTES>
</EmFileProperties>
</PROPERTIES>
</NODE>
<NODE CLASS="SASHELP.EMCORE.EXTENSION.CLASS" COMPONENT="EMSave" ID="EMSave11" X="752" Y="1300" DESCRIPTION="Save Data (11)" DIAGRAMID="_ROOT_" PARENTID="" TOOLTYPE="UTILITY" TOOLPREFIX="EMSave">
<PROPERTIES Location="CATALOG" Catalog="Sashelp.Emutil.Savext.Source" Type="CSV" Replace="Y" AllObs="Y" OutObs="1000" AllRoles="Y" Train="Y" Validate="Y" Test="Y" Score="Y" Transaction="Y" ForceRun="N" RunAction="Train" Component="EMSave" Lib="" DirectorySelector="C:\Users\kxy180005\Desktop" Name="">
<VariableProperties/>
<EmVariableAttributes/>
<EmTargetAttributes/>
<EmFileProperties>
<USERTRAINCODE Type="EXTERNAL" Extension="sas">
<Data/>
</USERTRAINCODE>
<EMNOTES Type="EXTERNAL" Extension="txt">
<Data/>
</EMNOTES>
</EmFileProperties>
</PROPERTIES>
</NODE>
<NODE CLASS="SASHELP.EMCORE.EXTENSION.CLASS" COMPONENT="EMSave" ID="EMSave12" X="1127" Y="1117" DESCRIPTION="Save Data (12)" DIAGRAMID="_ROOT_" PARENTID="" TOOLTYPE="UTILITY" TOOLPREFIX="EMSave">
<PROPERTIES Location="CATALOG" Catalog="Sashelp.Emutil.Savext.Source" Type="CSV" Replace="Y" AllObs="Y" OutObs="1000" AllRoles="Y" Train="Y" Validate="Y" Test="Y" Score="Y" Transaction="Y" ForceRun="N" RunAction="Train" Component="EMSave" Lib="" DirectorySelector="C:\Users\kxy180005\Desktop" Name="">
<VariableProperties/>
<EmVariableAttributes/>
<EmTargetAttributes/>
<EmFileProperties>
<USERTRAINCODE Type="EXTERNAL" Extension="sas">
<Data/>
</USERTRAINCODE>
<EMNOTES Type="EXTERNAL" Extension="txt">
<Data/>
</EMNOTES>
</EmFileProperties>
</PROPERTIES>
</NODE>
<NODE CLASS="SASHELP.EMCORE.EXTENSION.CLASS" COMPONENT="EMSave" ID="EMSave2" X="656" Y="287" DESCRIPTION="Save Data (2)" DIAGRAMID="_ROOT_" PARENTID="" TOOLTYPE="UTILITY" TOOLPREFIX="EMSave">
<PROPERTIES Location="CATALOG" Catalog="Sashelp.Emutil.Savext.Source" Type="CSV" Replace="Y" AllObs="Y" OutObs="1000" AllRoles="Y" Train="Y" Validate="Y" Test="Y" Score="Y" Transaction="Y" ForceRun="N" RunAction="Train" Component="EMSave" Lib="" DirectorySelector="C:\Users\kxy180005\Desktop" Name="Commute">
<VariableProperties/>
<EmVariableAttributes/>
<EmTargetAttributes/>
<EmFileProperties>
<USERTRAINCODE Type="EXTERNAL" Extension="sas">
<Data/>
</USERTRAINCODE>
<EMNOTES Type="EXTERNAL" Extension="txt">
<Data/>
</EMNOTES>
</EmFileProperties>
</PROPERTIES>
</NODE>
<NODE CLASS="SASHELP.EMCORE.EXTENSION.CLASS" COMPONENT="EMSave" ID="EMSave3" X="661" Y="205" DESCRIPTION="Save Data (3)" DIAGRAMID="_ROOT_" PARENTID="" TOOLTYPE="UTILITY" TOOLPREFIX="EMSave">
<PROPERTIES Location="CATALOG" Catalog="Sashelp.Emutil.Savext.Source" Type="CSV" Replace="Y" AllObs="Y" OutObs="1000" AllRoles="Y" Train="Y" Validate="Y" Test="Y" Score="Y" Transaction="Y" ForceRun="N" RunAction="Train" Component="EMSave" Lib="" DirectorySelector="C:\Users\kxy180005\Desktop" Name="Poverty">
<VariableProperties/>
<EmVariableAttributes/>
<EmTargetAttributes/>
<EmFileProperties>
<USERTRAINCODE Type="EXTERNAL" Extension="sas">
<Data/>
</USERTRAINCODE>
<EMNOTES Type="EXTERNAL" Extension="txt">
<Data/>
</EMNOTES>
</EmFileProperties>
</PROPERTIES>
</NODE>
<NODE CLASS="SASHELP.EMCORE.EXTENSION.CLASS" COMPONENT="EMSave" ID="EMSave4" X="1225" Y="161" DESCRIPTION="Save Data (4)" DIAGRAMID="_ROOT_" PARENTID="" TOOLTYPE="UTILITY" TOOLPREFIX="EMSave">
<PROPERTIES Location="CATALOG" Catalog="Sashelp.Emutil.Savext.Source" Type="CSV" Replace="Y" AllObs="Y" OutObs="1000" AllRoles="Y" Train="Y" Validate="Y" Test="Y" Score="Y" Transaction="Y" ForceRun="N" RunAction="Train" Component="EMSave" Lib="" DirectorySelector="C:\Users\kxy180005\Desktop" Name="Income_all">
<VariableProperties/>
<EmVariableAttributes/>
<EmTargetAttributes/>
<EmFileProperties>
<USERTRAINCODE Type="EXTERNAL" Extension="sas">
<Data/>
</USERTRAINCODE>
<EMNOTES Type="EXTERNAL" Extension="txt">
<Data/>
</EMNOTES>
</EmFileProperties>
</PROPERTIES>
</NODE>
<NODE CLASS="SASHELP.EMCORE.EXTENSION.CLASS" COMPONENT="EMSave" ID="EMSave5" X="1252" Y="263" DESCRIPTION="Save Data (5)" DIAGRAMID="_ROOT_" PARENTID="" TOOLTYPE="UTILITY" TOOLPREFIX="EMSave">
<PROPERTIES Location="CATALOG" Catalog="Sashelp.Emutil.Savext.Source" Type="CSV" Replace="Y" AllObs="Y" OutObs="1000" AllRoles="Y" Train="Y" Validate="Y" Test="Y" Score="Y" Transaction="Y" ForceRun="N" RunAction="Train" Component="EMSave" Lib="" DirectorySelector="C:\Users\kxy180005\Desktop" Name="Employment_all">
<VariableProperties/>
<EmVariableAttributes/>
<EmTargetAttributes/>
<EmFileProperties>
<USERTRAINCODE Type="EXTERNAL" Extension="sas">
<Data/>
</USERTRAINCODE>
<EMNOTES Type="EXTERNAL" Extension="txt">
<Data/>
</EMNOTES>
</EmFileProperties>
</PROPERTIES>
</NODE>
<NODE CLASS="SASHELP.EMCORE.EXTENSION.CLASS" COMPONENT="EMSave" ID="EMSave6" X="1291" Y="427" DESCRIPTION="Save Data (6)" DIAGRAMID="_ROOT_" PARENTID="" TOOLTYPE="UTILITY" TOOLPREFIX="EMSave">
<PROPERTIES Location="CATALOG" Catalog="Sashelp.Emutil.Savext.Source" Type="CSV" Replace="Y" AllObs="Y" OutObs="1000" AllRoles="Y" Train="Y" Validate="Y" Test="Y" Score="Y" Transaction="Y" ForceRun="N" RunAction="Train" Component="EMSave" Lib="" DirectorySelector="C:\Users\kxy180005\Desktop" Name="Final_result">
<VariableProperties/>
<EmVariableAttributes/>
<EmTargetAttributes/>
<EmFileProperties>
<USERTRAINCODE Type="EXTERNAL" Extension="sas">
<Data/>
</USERTRAINCODE>
<EMNOTES Type="EXTERNAL" Extension="txt">
<Data/>
</EMNOTES>
</EmFileProperties>
</PROPERTIES>
</NODE>
<NODE CLASS="SASHELP.EMCORE.EXTENSION.CLASS" COMPONENT="EMSave" ID="EMSave9" X="655" Y="1089" DESCRIPTION="Save Data (9)" DIAGRAMID="_ROOT_" PARENTID="" TOOLTYPE="UTILITY" TOOLPREFIX="EMSave">
<PROPERTIES Location="CATALOG" Catalog="Sashelp.Emutil.Savext.Source" Type="CSV" Replace="Y" AllObs="Y" OutObs="1000" AllRoles="Y" Train="Y" Validate="Y" Test="Y" Score="Y" Transaction="Y" ForceRun="N" RunAction="Train" Component="EMSave" Lib="" DirectorySelector="C:\Users\kxy180005\Desktop" Name="">
<VariableProperties/>
<EmVariableAttributes/>
<EmTargetAttributes/>
<EmFileProperties>
<USERTRAINCODE Type="EXTERNAL" Extension="sas">
<Data/>
</USERTRAINCODE>
<EMNOTES Type="EXTERNAL" Extension="txt">
<Data/>
</EMNOTES>
</EmFileProperties>
</PROPERTIES>
</NODE>
<NODE CLASS="SASHELP.EMCORE.EXTENSION.CLASS" COMPONENT="FileImport" ID="FIMPORT" X="29" Y="24" DESCRIPTION="File Import" DIAGRAMID="_ROOT_" PARENTID="" TOOLTYPE="SAMPLE" TOOLPREFIX="FIMPORT">
<PROPERTIES Location="CATALOG" Catalog="SASHELP.EMSAMP.Fimport.SOURCE" ImportType="Local" GuessRows="500" Delimiter="," NameRow="Y" SkipRows="0" MaxRows="1000000" MaxCols="10000" FileType="csv" Role="TRAIN" ForceRun="N" Summarize="N" AdvancedAdvisor="N" RunAction="Train" Component="FileImport" IFileName="C:\Users\kxy180005\Desktop\Economic_Indicators_All_Counties.csv" AccessTable="NoTableName" UserID="NoUserID" Password="NoPassword">
<VariableProperties/>
<EmVariableAttributes>
<DELTA Variable="Geographic_Area_Name" AttributeName="DROP" AttributeValue="Y"/>
<DELTA Variable="In_labor_force_population_" AttributeName="DROP" AttributeValue="Y"/>
<DELTA Variable="Population_commuting_to_work_pcw" AttributeName="DROP" AttributeValue="Y"/>
<DELTA Variable="Total_Population" AttributeName="DROP" AttributeValue="Y"/>
<DELTA Variable="Total_family" AttributeName="DROP" AttributeValue="Y"/>
<DELTA Variable="Total_housing_units" AttributeName="DROP" AttributeValue="Y"/>
<DELTA Variable="__Population_Work_Commute_Durati" AttributeName="DROP" AttributeValue="Y"/>
<DELTA Variable="__family_below_poverty_level_fam" AttributeName="DROP" AttributeValue="Y"/>
<DELTA Variable="total_households" AttributeName="DROP" AttributeValue="Y"/>
</EmVariableAttributes>
<EmTargetAttributes/>
<EmFileProperties>
<USERTRAINCODE Type="EXTERNAL" Extension="sas">
<Data/>
</USERTRAINCODE>
<VARIABLESETDELTA Type="EXTERNAL" Extension="txt">
<Data><![CDATA[
if NAME=&quot;__Population_Work_Commute_Durati&quot; then do;
ROLE=&quot;INPUT&quot;;
LEVEL=&quot;INTERVAL&quot;;
ORDER=&quot;&quot;;
DROP=&quot;Y&quot;;
end;
if NAME=&quot;__family_below_poverty_level_fam&quot; then do;
ROLE=&quot;INPUT&quot;;
LEVEL=&quot;INTERVAL&quot;;
ORDER=&quot;&quot;;
DROP=&quot;Y&quot;;
end;
if NAME=&quot;Geographic_Area_Name&quot; then do;
ROLE=&quot;INPUT&quot;;
LEVEL=&quot;NOMINAL&quot;;
ORDER=&quot;&quot;;
DROP=&quot;Y&quot;;
end;
if NAME=&quot;In_labor_force_population_&quot; then do;
ROLE=&quot;INPUT&quot;;
LEVEL=&quot;INTERVAL&quot;;
ORDER=&quot;&quot;;
DROP=&quot;Y&quot;;
end;
if NAME=&quot;Population_commuting_to_work_pcw&quot; then do;
ROLE=&quot;INPUT&quot;;
LEVEL=&quot;INTERVAL&quot;;
ORDER=&quot;&quot;;
DROP=&quot;Y&quot;;
end;
if NAME=&quot;Total_Population&quot; then do;
ROLE=&quot;INPUT&quot;;
LEVEL=&quot;INTERVAL&quot;;
ORDER=&quot;&quot;;
DROP=&quot;Y&quot;;
end;
if NAME=&quot;Total_family&quot; then do;
ROLE=&quot;INPUT&quot;;
LEVEL=&quot;INTERVAL&quot;;
ORDER=&quot;&quot;;
DROP=&quot;Y&quot;;
end;
if NAME=&quot;Total_housing_units&quot; then do;
ROLE=&quot;INPUT&quot;;
LEVEL=&quot;INTERVAL&quot;;
ORDER=&quot;&quot;;
DROP=&quot;Y&quot;;
end;
if NAME=&quot;total_households&quot; then do;
ROLE=&quot;INPUT&quot;;
LEVEL=&quot;INTERVAL&quot;;
ORDER=&quot;&quot;;
DROP=&quot;Y&quot;;
end;
]]>
</Data>
</VARIABLESETDELTA>
<DELTACODE Type="EXTERNAL" Extension="txt">
<Data><![CDATA[
if NAME=&quot;__Population_Work_Commute_Durati&quot; then do;
ROLE=&quot;INPUT&quot;;
LEVEL=&quot;INTERVAL&quot;;
ORDER=&quot;&quot;;
end;
if NAME=&quot;__Population_Work_Commute_Durati&quot; then delete;
if NAME=&quot;__family_below_poverty_level_fam&quot; then do;
ROLE=&quot;INPUT&quot;;
LEVEL=&quot;INTERVAL&quot;;
ORDER=&quot;&quot;;
end;
if NAME=&quot;__family_below_poverty_level_fam&quot; then delete;
if NAME=&quot;Geographic_Area_Name&quot; then do;
ROLE=&quot;INPUT&quot;;
LEVEL=&quot;NOMINAL&quot;;
ORDER=&quot;&quot;;
end;
if NAME=&quot;Geographic_Area_Name&quot; then delete;
if NAME=&quot;In_labor_force_population_&quot; then do;
ROLE=&quot;INPUT&quot;;
LEVEL=&quot;INTERVAL&quot;;
ORDER=&quot;&quot;;
end;
if NAME=&quot;In_labor_force_population_&quot; then delete;
if NAME=&quot;Population_commuting_to_work_pcw&quot; then do;
ROLE=&quot;INPUT&quot;;
LEVEL=&quot;INTERVAL&quot;;
ORDER=&quot;&quot;;
end;
if NAME=&quot;Population_commuting_to_work_pcw&quot; then delete;
if NAME=&quot;Total_Population&quot; then do;
ROLE=&quot;INPUT&quot;;
LEVEL=&quot;INTERVAL&quot;;
ORDER=&quot;&quot;;
end;
if NAME=&quot;Total_Population&quot; then delete;
if NAME=&quot;Total_family&quot; then do;
ROLE=&quot;INPUT&quot;;
LEVEL=&quot;INTERVAL&quot;;
ORDER=&quot;&quot;;
end;
if NAME=&quot;Total_family&quot; then delete;
if NAME=&quot;Total_housing_units&quot; then do;
ROLE=&quot;INPUT&quot;;
LEVEL=&quot;INTERVAL&quot;;
ORDER=&quot;&quot;;
end;
if NAME=&quot;Total_housing_units&quot; then delete;
if NAME=&quot;total_households&quot; then do;
ROLE=&quot;INPUT&quot;;
LEVEL=&quot;INTERVAL&quot;;
ORDER=&quot;&quot;;
end;
if NAME=&quot;total_households&quot; then delete;
drop DROP;
]]>
</Data>
</DELTACODE>
<EMNOTES Type="EXTERNAL" Extension="txt">
<Data/>
</EMNOTES>
</EmFileProperties>
</PROPERTIES>
</NODE>
<NODE CLASS="SASHELP.EMCORE.EXTENSION.CLASS" COMPONENT="FileImport" ID="FIMPORT10" X="240" Y="1179" DESCRIPTION="File Import (10)" DIAGRAMID="_ROOT_" PARENTID="" TOOLTYPE="SAMPLE" TOOLPREFIX="FIMPORT">
<PROPERTIES Location="CATALOG" Catalog="SASHELP.EMSAMP.Fimport.SOURCE" ImportType="Local" GuessRows="500" Delimiter="," NameRow="Y" SkipRows="0" MaxRows="1000000" MaxCols="10000" FileType="csv" Role="TRAIN" ForceRun="N" Summarize="N" AdvancedAdvisor="N" RunAction="Train" Component="FileImport" IFileName="C:\Users\kxy180005\Desktop\Economic_Indicators_All_Counties_Ztransform (1).csv" AccessTable="NoTableName" UserID="NoUserID" Password="NoPassword">
<VariableProperties/>
<EmVariableAttributes/>
<EmTargetAttributes/>
<EmFileProperties>
<USERTRAINCODE Type="EXTERNAL" Extension="sas">
<Data/>
</USERTRAINCODE>
<VARIABLESETDELTA Type="EXTERNAL" Extension="txt">
<Data/>
</VARIABLESETDELTA>
<DELTACODE Type="EXTERNAL" Extension="txt">
<Data/>
</DELTACODE>
<EMNOTES Type="EXTERNAL" Extension="txt">
<Data/>
</EMNOTES>
</EmFileProperties>
</PROPERTIES>
</NODE>
<NODE CLASS="SASHELP.EMCORE.EXTENSION.CLASS" COMPONENT="FileImport" ID="FIMPORT11" X="322" Y="1294" DESCRIPTION="File Import (11)" DIAGRAMID="_ROOT_" PARENTID="" TOOLTYPE="SAMPLE" TOOLPREFIX="FIMPORT">
<PROPERTIES Location="CATALOG" Catalog="SASHELP.EMSAMP.Fimport.SOURCE" ImportType="Local" GuessRows="500" Delimiter="," NameRow="Y" SkipRows="0" MaxRows="1000000" MaxCols="10000" FileType="csv" Role="TRAIN" ForceRun="N" Summarize="N" AdvancedAdvisor="N" RunAction="Train" Component="FileImport" IFileName="C:\Users\kxy180005\Desktop\Economic_Indicators_All_Counties_Ztransform (1).csv" AccessTable="NoTableName" UserID="NoUserID" Password="NoPassword">
<VariableProperties/>
<EmVariableAttributes/>
<EmTargetAttributes/>
<EmFileProperties>
<USERTRAINCODE Type="EXTERNAL" Extension="sas">
<Data/>
</USERTRAINCODE>
<VARIABLESETDELTA Type="EXTERNAL" Extension="txt">
<Data/>
</VARIABLESETDELTA>
<DELTACODE Type="EXTERNAL" Extension="txt">
<Data/>
</DELTACODE>
<EMNOTES Type="EXTERNAL" Extension="txt">
<Data/>
</EMNOTES>
</EmFileProperties>
</PROPERTIES>
</NODE>
<NODE CLASS="SASHELP.EMCORE.EXTENSION.CLASS" COMPONENT="FileImport" ID="FIMPORT12" X="788" Y="986" DESCRIPTION="File Import (12)" DIAGRAMID="_ROOT_" PARENTID="" TOOLTYPE="SAMPLE" TOOLPREFIX="FIMPORT">
<PROPERTIES Location="CATALOG" Catalog="SASHELP.EMSAMP.Fimport.SOURCE" ImportType="Local" GuessRows="500" Delimiter="," NameRow="Y" SkipRows="0" MaxRows="1000000" MaxCols="10000" FileType="csv" Role="TRAIN" ForceRun="N" Summarize="N" AdvancedAdvisor="N" RunAction="Train" Component="FileImport" IFileName="C:\Users\kxy180005\Desktop\New PCA 3.csv" AccessTable="NoTableName" UserID="NoUserID" Password="NoPassword">
<VariableProperties/>
<EmVariableAttributes/>
<EmTargetAttributes/>
<EmFileProperties>
<USERTRAINCODE Type="EXTERNAL" Extension="sas">
<Data/>
</USERTRAINCODE>
<VARIABLESETDELTA Type="EXTERNAL" Extension="txt">
<Data/>
</VARIABLESETDELTA>
<DELTACODE Type="EXTERNAL" Extension="txt">
<Data/>
</DELTACODE>
<EMNOTES Type="EXTERNAL" Extension="txt">
<Data/>
</EMNOTES>
</EmFileProperties>
</PROPERTIES>
</NODE>
<NODE CLASS="SASHELP.EMCORE.EXTENSION.CLASS" COMPONENT="FileImport" ID="FIMPORT2" X="161" Y="184" DESCRIPTION="File Import (2)" DIAGRAMID="_ROOT_" PARENTID="" TOOLTYPE="SAMPLE" TOOLPREFIX="FIMPORT">
<PROPERTIES Location="CATALOG" Catalog="SASHELP.EMSAMP.Fimport.SOURCE" ImportType="Local" GuessRows="500" Delimiter="," NameRow="Y" SkipRows="0" MaxRows="1000000" MaxCols="10000" FileType="csv" Role="TRAIN" ForceRun="N" Summarize="N" AdvancedAdvisor="N" RunAction="Train" Component="FileImport" IFileName="C:\Users\kxy180005\Desktop\Economic_Indicators_All_Counties_Ztransform.csv" AccessTable="NoTableName" UserID="NoUserID" Password="NoPassword">
<VariableProperties/>
<EmVariableAttributes/>
<EmTargetAttributes/>
<EmFileProperties>
<USERTRAINCODE Type="EXTERNAL" Extension="sas">
<Data/>
</USERTRAINCODE>
<VARIABLESETDELTA Type="EXTERNAL" Extension="txt">
<Data/>
</VARIABLESETDELTA>
<DELTACODE Type="EXTERNAL" Extension="txt">
<Data/>
</DELTACODE>
<EMNOTES Type="EXTERNAL" Extension="txt">
<Data/>
</EMNOTES>
</EmFileProperties>
</PROPERTIES>
</NODE>
<NODE CLASS="SASHELP.EMCORE.EXTENSION.CLASS" COMPONENT="FileImport" ID="FIMPORT3" X="1315" Y="56" DESCRIPTION="File Import (3)" DIAGRAMID="_ROOT_" PARENTID="" TOOLTYPE="SAMPLE" TOOLPREFIX="FIMPORT">
<PROPERTIES Location="CATALOG" Catalog="SASHELP.EMSAMP.Fimport.SOURCE" ImportType="Local" GuessRows="500" Delimiter="," NameRow="Y" SkipRows="0" MaxRows="1000000" MaxCols="10000" FileType="XLS" Role="TRAIN" ForceRun="N" Summarize="N" AdvancedAdvisor="N" RunAction="Train" Component="FileImport" IFileName="" AccessTable="NoTableName" UserID="NoUserID" Password="NoPassword">
<VariableProperties/>
<EmTargetAttributes/>
<EmFileProperties>
<USERTRAINCODE Type="EXTERNAL" Extension="sas">
<Data/>
</USERTRAINCODE>
<EMNOTES Type="EXTERNAL" Extension="txt">
<Data/>
</EMNOTES>
</EmFileProperties>
</PROPERTIES>
</NODE>
<NODE CLASS="SASHELP.EMCORE.EXTENSION.CLASS" COMPONENT="FileImport" ID="FIMPORT4" X="857" Y="163" DESCRIPTION="File Import (4)" DIAGRAMID="_ROOT_" PARENTID="" TOOLTYPE="SAMPLE" TOOLPREFIX="FIMPORT">
<PROPERTIES Location="CATALOG" Catalog="SASHELP.EMSAMP.Fimport.SOURCE" ImportType="Local" GuessRows="500" Delimiter="," NameRow="Y" SkipRows="0" MaxRows="1000000" MaxCols="10000" FileType="csv" Role="TRAIN" ForceRun="N" Summarize="N" AdvancedAdvisor="N" RunAction="Train" Component="FileImport" IFileName="C:\Users\kxy180005\Desktop\Income_poverty.csv" AccessTable="NoTableName" UserID="NoUserID" Password="NoPassword">
<VariableProperties/>
<EmVariableAttributes/>
<EmTargetAttributes/>
<EmFileProperties>
<USERTRAINCODE Type="EXTERNAL" Extension="sas">
<Data/>
</USERTRAINCODE>
<VARIABLESETDELTA Type="EXTERNAL" Extension="txt">
<Data/>
</VARIABLESETDELTA>
<DELTACODE Type="EXTERNAL" Extension="txt">
<Data/>
</DELTACODE>
<EMNOTES Type="EXTERNAL" Extension="txt">
<Data/>
</EMNOTES>
</EmFileProperties>
</PROPERTIES>
</NODE>
<NODE CLASS="SASHELP.EMCORE.EXTENSION.CLASS" COMPONENT="FileImport" ID="FIMPORT5" X="862" Y="257" DESCRIPTION="File Import (5)" DIAGRAMID="_ROOT_" PARENTID="" TOOLTYPE="SAMPLE" TOOLPREFIX="FIMPORT">
<PROPERTIES Location="CATALOG" Catalog="SASHELP.EMSAMP.Fimport.SOURCE" ImportType="Local" GuessRows="500" Delimiter="," NameRow="Y" SkipRows="0" MaxRows="1000000" MaxCols="10000" FileType="csv" Role="TRAIN" ForceRun="N" Summarize="N" AdvancedAdvisor="N" RunAction="Train" Component="FileImport" IFileName="C:\Users\kxy180005\Desktop\Employment_Commute.csv" AccessTable="NoTableName" UserID="NoUserID" Password="NoPassword">
<VariableProperties/>
<EmVariableAttributes/>
<EmTargetAttributes/>
<EmFileProperties>
<USERTRAINCODE Type="EXTERNAL" Extension="sas">
<Data/>
</USERTRAINCODE>
<VARIABLESETDELTA Type="EXTERNAL" Extension="txt">
<Data/>
</VARIABLESETDELTA>
<DELTACODE Type="EXTERNAL" Extension="txt">
<Data/>
</DELTACODE>
<EMNOTES Type="EXTERNAL" Extension="txt">
<Data/>
</EMNOTES>
</EmFileProperties>
</PROPERTIES>
</NODE>
<NODE CLASS="SASHELP.EMCORE.EXTENSION.CLASS" COMPONENT="FileImport" ID="FIMPORT6" X="869" Y="409" DESCRIPTION="File Import (6)" DIAGRAMID="_ROOT_" PARENTID="" TOOLTYPE="SAMPLE" TOOLPREFIX="FIMPORT">
<PROPERTIES Location="CATALOG" Catalog="SASHELP.EMSAMP.Fimport.SOURCE" ImportType="Local" GuessRows="500" Delimiter="," NameRow="Y" SkipRows="0" MaxRows="1000000" MaxCols="10000" FileType="csv" Role="TRAIN" ForceRun="N" Summarize="N" AdvancedAdvisor="N" RunAction="Train" Component="FileImport" IFileName="C:\Users\kxy180005\Desktop\Final_pca.csv" AccessTable="NoTableName" UserID="NoUserID" Password="NoPassword">
<VariableProperties/>
<EmVariableAttributes/>
<EmTargetAttributes/>
<EmFileProperties>
<USERTRAINCODE Type="EXTERNAL" Extension="sas">
<Data/>
</USERTRAINCODE>
<VARIABLESETDELTA Type="EXTERNAL" Extension="txt">
<Data/>
</VARIABLESETDELTA>
<DELTACODE Type="EXTERNAL" Extension="txt">
<Data/>
</DELTACODE>
<EMNOTES Type="EXTERNAL" Extension="txt">
<Data/>
</EMNOTES>
</EmFileProperties>
</PROPERTIES>
</NODE>
<NODE CLASS="SASHELP.EMCORE.EXTENSION.CLASS" COMPONENT="FileImport" ID="FIMPORT8" X="137" Y="985" DESCRIPTION="File Import (8)" DIAGRAMID="_ROOT_" PARENTID="" TOOLTYPE="SAMPLE" TOOLPREFIX="FIMPORT">
<PROPERTIES Location="CATALOG" Catalog="SASHELP.EMSAMP.Fimport.SOURCE" ImportType="Local" GuessRows="500" Delimiter="," NameRow="Y" SkipRows="0" MaxRows="1000000" MaxCols="10000" FileType="csv" Role="TRAIN" ForceRun="N" Summarize="N" AdvancedAdvisor="N" RunAction="Train" Component="FileImport" IFileName="" AccessTable="NoTableName" UserID="NoUserID" Password="NoPassword">
<VariableProperties/>
<EmVariableAttributes/>
<EmTargetAttributes/>
<EmFileProperties>
<USERTRAINCODE Type="EXTERNAL" Extension="sas">
<Data/>
</USERTRAINCODE>
<VARIABLESETDELTA Type="EXTERNAL" Extension="txt">
<Data/>
</VARIABLESETDELTA>
<DELTACODE Type="EXTERNAL" Extension="txt">
<Data/>
</DELTACODE>
<EMNOTES Type="EXTERNAL" Extension="txt">
<Data/>
</EMNOTES>
</EmFileProperties>
</PROPERTIES>
</NODE>
<NODE CLASS="SASHELP.EMCORE.EXTENSION.CLASS" COMPONENT="FileImport" ID="FIMPORT9" X="194" Y="1088" DESCRIPTION="File Import (9)" DIAGRAMID="_ROOT_" PARENTID="" TOOLTYPE="SAMPLE" TOOLPREFIX="FIMPORT">
<PROPERTIES Location="CATALOG" Catalog="SASHELP.EMSAMP.Fimport.SOURCE" ImportType="Local" GuessRows="500" Delimiter="," NameRow="Y" SkipRows="0" MaxRows="1000000" MaxCols="10000" FileType="csv" Role="TRAIN" ForceRun="N" Summarize="N" AdvancedAdvisor="N" RunAction="Train" Component="FileImport" IFileName="C:\Users\kxy180005\Desktop\Economic_Indicators_All_Counties_Ztransform (1).csv" AccessTable="NoTableName" UserID="NoUserID" Password="NoPassword">
<VariableProperties/>
<EmVariableAttributes/>
<EmTargetAttributes/>
<EmFileProperties>
<USERTRAINCODE Type="EXTERNAL" Extension="sas">
<Data/>
</USERTRAINCODE>
<VARIABLESETDELTA Type="EXTERNAL" Extension="txt">
<Data/>
</VARIABLESETDELTA>
<DELTACODE Type="EXTERNAL" Extension="txt">
<Data/>
</DELTACODE>
<EMNOTES Type="EXTERNAL" Extension="txt">
<Data/>
</EMNOTES>
</EmFileProperties>
</PROPERTIES>
</NODE>
<NODE CLASS="SASHELP.EMMDFY.PRINCOMPANALYSIS.CLASS" COMPONENT="PrinComp" ID="PRINCOMP" X="469" Y="120" DESCRIPTION="Principal Components" DIAGRAMID="_ROOT_" PARENTID="" TOOLTYPE="MODIFY" TOOLPREFIX="PRINCOMP">
<PROPERTIES MaxPrincomp="20" CumEigenCutoff="0.99" EigenIncreCutoff="0.001" EigenSource="CORR" ApplyMaxPrincomp="Y" RejectOriginalInputVariables="Y" PrintEigenSourceMatrix="Y" PrincompPrefix="Income" HideOriginalInputVariables="Y" NUserSelectedPrincomp="2" ForceRun="N" RunAction="Train" Component="PrinComp" PrincompLabel="PRINCOMPLABEL">
<VariableProperties/>
<EmVariableAttributes>
<DELTA Variable="Commute_Duration_60_" AttributeName="USE" AttributeValue="N"/>
<DELTA Variable="Commute_Duration_90_" AttributeName="USE" AttributeValue="N"/>
<DELTA Variable="Employment_rate____population_" AttributeName="USE" AttributeValue="N"/>
<DELTA Variable="Geographic_Area_Name" AttributeName="USE" AttributeValue="N"/>
<DELTA Variable="Median_household_income" AttributeName="USE" AttributeValue="Y"/>
<DELTA Variable="Single_headed_family" AttributeName="USE" AttributeValue="N"/>
<DELTA Variable="gini_index" AttributeName="USE" AttributeValue="N"/>
<DELTA Variable="house_ownership" AttributeName="USE" AttributeValue="Y"/>
<DELTA Variable="households_recieving_SNAP" AttributeName="USE" AttributeValue="N"/>
<DELTA Variable="households_with_public_assistanc" AttributeName="USE" AttributeValue="N"/>
</EmVariableAttributes>
<EmTargetAttributes/>
<EmFileProperties>
<EMNOTES Type="EXTERNAL" Extension="txt">
<Data/>
</EMNOTES>
</EmFileProperties>
</PROPERTIES>
</NODE>
<NODE CLASS="SASHELP.EMMDFY.PRINCOMPANALYSIS.CLASS" COMPONENT="PrinComp" ID="PRINCOMP11" X="447" Y="1089" DESCRIPTION="Principal Components (11)" DIAGRAMID="_ROOT_" PARENTID="" TOOLTYPE="MODIFY" TOOLPREFIX="PRINCOMP">
<PROPERTIES MaxPrincomp="20" CumEigenCutoff="0.99" EigenIncreCutoff="0.001" EigenSource="CORR" ApplyMaxPrincomp="Y" RejectOriginalInputVariables="Y" PrintEigenSourceMatrix="N" PrincompPrefix="PC" HideOriginalInputVariables="Y" NUserSelectedPrincomp="5" ForceRun="N" RunAction="Train" Component="PrinComp" PrincompLabel="PRINCOMPLABEL">
<VariableProperties/>
<EmVariableAttributes>
<DELTA Variable="Commute_Duration_60_" AttributeName="USE" AttributeValue="N"/>
<DELTA Variable="Commute_Duration_90_" AttributeName="USE" AttributeValue="N"/>
<DELTA Variable="Employment_rate" AttributeName="USE" AttributeValue="N"/>
<DELTA Variable="Geographic_Area_Name" AttributeName="USE" AttributeValue="N"/>
<DELTA Variable="Median_household_income" AttributeName="USE" AttributeValue="Y"/>
<DELTA Variable="New_Businesses" AttributeName="USE" AttributeValue="N"/>
<DELTA Variable="SNAP" AttributeName="USE" AttributeValue="Y"/>
<DELTA Variable="Single_headed" AttributeName="USE" AttributeValue="Y"/>
<DELTA Variable="gini_index" AttributeName="USE" AttributeValue="N"/>
<DELTA Variable="house_ownership_housing_units_" AttributeName="USE" AttributeValue="Y"/>
<DELTA Variable="public_assistance_income" AttributeName="USE" AttributeValue="Y"/>
</EmVariableAttributes>
<EmTargetAttributes/>
<EmFileProperties>
<EMNOTES Type="EXTERNAL" Extension="txt">
<Data/>
</EMNOTES>
</EmFileProperties>
</PROPERTIES>
</NODE>
<NODE CLASS="SASHELP.EMMDFY.PRINCOMPANALYSIS.CLASS" COMPONENT="PrinComp" ID="PRINCOMP12" X="507" Y="1184" DESCRIPTION="Principal Components (12)" DIAGRAMID="_ROOT_" PARENTID="" TOOLTYPE="MODIFY" TOOLPREFIX="PRINCOMP">
<PROPERTIES MaxPrincomp="20" CumEigenCutoff="0.99" EigenIncreCutoff="0.001" EigenSource="CORR" ApplyMaxPrincomp="Y" RejectOriginalInputVariables="Y" PrintEigenSourceMatrix="N" PrincompPrefix="PC" HideOriginalInputVariables="Y" NUserSelectedPrincomp="2" ForceRun="N" RunAction="Train" Component="PrinComp" PrincompLabel="PRINCOMPLABEL">
<VariableProperties/>
<EmVariableAttributes>
<DELTA Variable="Commute_Duration_60_" AttributeName="USE" AttributeValue="N"/>
<DELTA Variable="Commute_Duration_90_" AttributeName="USE" AttributeValue="N"/>
<DELTA Variable="Employment_rate" AttributeName="USE" AttributeValue="N"/>
<DELTA Variable="Geographic_Area_Name" AttributeName="USE" AttributeValue="N"/>
<DELTA Variable="Median_household_income" AttributeName="USE" AttributeValue="N"/>
<DELTA Variable="New_Businesses" AttributeName="USE" AttributeValue="Y"/>
<DELTA Variable="SNAP" AttributeName="USE" AttributeValue="N"/>
<DELTA Variable="Single_headed" AttributeName="USE" AttributeValue="N"/>
<DELTA Variable="gini_index" AttributeName="USE" AttributeValue="Y"/>
<DELTA Variable="house_ownership_housing_units_" AttributeName="USE" AttributeValue="N"/>
<DELTA Variable="public_assistance_income" AttributeName="USE" AttributeValue="N"/>
</EmVariableAttributes>
<EmTargetAttributes/>
<EmFileProperties>
<EMNOTES Type="EXTERNAL" Extension="txt">
<Data/>
</EMNOTES>
</EmFileProperties>
</PROPERTIES>
</NODE>
<NODE CLASS="SASHELP.EMMDFY.PRINCOMPANALYSIS.CLASS" COMPONENT="PrinComp" ID="PRINCOMP13" X="546" Y="1296" DESCRIPTION="Principal Components (13)" DIAGRAMID="_ROOT_" PARENTID="" TOOLTYPE="MODIFY" TOOLPREFIX="PRINCOMP">
<PROPERTIES MaxPrincomp="20" CumEigenCutoff="0.99" EigenIncreCutoff="0.001" EigenSource="CORR" ApplyMaxPrincomp="Y" RejectOriginalInputVariables="Y" PrintEigenSourceMatrix="N" PrincompPrefix="PC" HideOriginalInputVariables="Y" NUserSelectedPrincomp="3" ForceRun="N" RunAction="Train" Component="PrinComp" PrincompLabel="PRINCOMPLABEL">
<VariableProperties/>
<EmVariableAttributes>
<DELTA Variable="Commute_Duration_60_" AttributeName="USE" AttributeValue="Y"/>
<DELTA Variable="Commute_Duration_90_" AttributeName="USE" AttributeValue="Y"/>
<DELTA Variable="Employment_rate" AttributeName="USE" AttributeValue="Y"/>
<DELTA Variable="Geographic_Area_Name" AttributeName="USE" AttributeValue="N"/>
<DELTA Variable="Median_household_income" AttributeName="USE" AttributeValue="N"/>
<DELTA Variable="New_Businesses" AttributeName="USE" AttributeValue="N"/>
<DELTA Variable="SNAP" AttributeName="USE" AttributeValue="N"/>
<DELTA Variable="Single_headed" AttributeName="USE" AttributeValue="N"/>
<DELTA Variable="gini_index" AttributeName="USE" AttributeValue="N"/>
<DELTA Variable="house_ownership_housing_units_" AttributeName="USE" AttributeValue="N"/>
<DELTA Variable="public_assistance_income" AttributeName="USE" AttributeValue="N"/>
</EmVariableAttributes>
<EmTargetAttributes/>
<EmFileProperties>
<EMNOTES Type="EXTERNAL" Extension="txt">
<Data/>
</EMNOTES>
</EmFileProperties>
</PROPERTIES>
</NODE>
<NODE CLASS="SASHELP.EMMDFY.PRINCOMPANALYSIS.CLASS" COMPONENT="PrinComp" ID="PRINCOMP14" X="1083" Y="1005" DESCRIPTION="Principal Components (14)" DIAGRAMID="_ROOT_" PARENTID="" TOOLTYPE="MODIFY" TOOLPREFIX="PRINCOMP">
<PROPERTIES MaxPrincomp="20" CumEigenCutoff="0.99" EigenIncreCutoff="0.001" EigenSource="CORR" ApplyMaxPrincomp="Y" RejectOriginalInputVariables="Y" PrintEigenSourceMatrix="N" PrincompPrefix="PC" HideOriginalInputVariables="Y" NUserSelectedPrincomp="3" ForceRun="N" RunAction="Train" Component="PrinComp" PrincompLabel="PRINCOMPLABEL">
<VariableProperties/>
<EmVariableAttributes>
<DELTA Variable="Geographic_Area_Name" AttributeName="USE" AttributeValue="N"/>
<DELTA Variable="Median_household_income" AttributeName="USE" AttributeValue="N"/>
<DELTA Variable="New_Businesses" AttributeName="USE" AttributeValue="N"/>
<DELTA Variable="PC_1" AttributeName="USE" AttributeValue="Y"/>
<DELTA Variable="PC_2" AttributeName="USE" AttributeValue="N"/>
<DELTA Variable="PC_2_1" AttributeName="USE" AttributeValue="Y"/>
<DELTA Variable="PC_2_2" AttributeName="USE" AttributeValue="N"/>
<DELTA Variable="PC_3" AttributeName="USE" AttributeValue="N"/>
<DELTA Variable="PC_3_1" AttributeName="USE" AttributeValue="Y"/>
<DELTA Variable="PC_3_2" AttributeName="USE" AttributeValue="N"/>
<DELTA Variable="PC_3_3" AttributeName="USE" AttributeValue="N"/>
<DELTA Variable="PC_4" AttributeName="USE" AttributeValue="N"/>
<DELTA Variable="PC_5" AttributeName="USE" AttributeValue="N"/>
<DELTA Variable="SNAP" AttributeName="USE" AttributeValue="N"/>
<DELTA Variable="Single_headed" AttributeName="USE" AttributeValue="N"/>
<DELTA Variable="gini_index" AttributeName="USE" AttributeValue="N"/>
<DELTA Variable="house_ownership_housing_units_" AttributeName="USE" AttributeValue="N"/>
<DELTA Variable="public_assistance_income" AttributeName="USE" AttributeValue="N"/>
</EmVariableAttributes>
<EmTargetAttributes/>
<EmFileProperties>
<EMNOTES Type="EXTERNAL" Extension="txt">
<Data/>
</EMNOTES>
</EmFileProperties>
</PROPERTIES>
</NODE>
<NODE CLASS="SASHELP.EMMDFY.PRINCOMPANALYSIS.CLASS" COMPONENT="PrinComp" ID="PRINCOMP15" X="902" Y="1107" DESCRIPTION="Principal Components (15)" DIAGRAMID="_ROOT_" PARENTID="" TOOLTYPE="MODIFY" TOOLPREFIX="PRINCOMP">
<PROPERTIES MaxPrincomp="20" CumEigenCutoff="0.99" EigenIncreCutoff="0.001" EigenSource="CORR" ApplyMaxPrincomp="Y" RejectOriginalInputVariables="Y" PrintEigenSourceMatrix="N" PrincompPrefix="FINAL" HideOriginalInputVariables="Y" NUserSelectedPrincomp="2" ForceRun="N" RunAction="Train" Component="PrinComp" PrincompLabel="PRINCOMPLABEL">
<VariableProperties/>
<EmVariableAttributes>
<DELTA Variable="Geographic_Area_Name" AttributeName="USE" AttributeValue="N"/>
<DELTA Variable="Median_household_income" AttributeName="USE" AttributeValue="N"/>
<DELTA Variable="New_Businesses" AttributeName="USE" AttributeValue="N"/>
<DELTA Variable="PC_1" AttributeName="USE" AttributeValue="Y"/>
<DELTA Variable="PC_2" AttributeName="USE" AttributeValue="N"/>
<DELTA Variable="PC_2_1" AttributeName="USE" AttributeValue="N"/>
<DELTA Variable="PC_2_2" AttributeName="USE" AttributeValue="N"/>
<DELTA Variable="PC_3" AttributeName="USE" AttributeValue="N"/>
<DELTA Variable="PC_3_1" AttributeName="USE" AttributeValue="Y"/>
<DELTA Variable="PC_3_2" AttributeName="USE" AttributeValue="N"/>
<DELTA Variable="PC_3_3" AttributeName="USE" AttributeValue="N"/>
<DELTA Variable="PC_4" AttributeName="USE" AttributeValue="N"/>
<DELTA Variable="PC_5" AttributeName="USE" AttributeValue="N"/>
<DELTA Variable="SNAP" AttributeName="USE" AttributeValue="N"/>
<DELTA Variable="Single_headed" AttributeName="USE" AttributeValue="N"/>
<DELTA Variable="gini_index" AttributeName="USE" AttributeValue="N"/>
<DELTA Variable="house_ownership_housing_units_" AttributeName="USE" AttributeValue="N"/>
<DELTA Variable="public_assistance_income" AttributeName="USE" AttributeValue="N"/>
</EmVariableAttributes>
<EmTargetAttributes/>
<EmFileProperties>
<EMNOTES Type="EXTERNAL" Extension="txt">
<Data/>
</EMNOTES>
</EmFileProperties>
</PROPERTIES>
</NODE>
<NODE CLASS="SASHELP.EMMDFY.PRINCOMPANALYSIS.CLASS" COMPONENT="PrinComp" ID="PRINCOMP2" X="467" Y="277" DESCRIPTION="Principal Components (2)" DIAGRAMID="_ROOT_" PARENTID="" TOOLTYPE="MODIFY" TOOLPREFIX="PRINCOMP">
<PROPERTIES MaxPrincomp="20" CumEigenCutoff="0.99" EigenIncreCutoff="0.001" EigenSource="CORR" ApplyMaxPrincomp="Y" RejectOriginalInputVariables="Y" PrintEigenSourceMatrix="Y" PrincompPrefix="Commute" HideOriginalInputVariables="Y" NUserSelectedPrincomp="2" ForceRun="N" RunAction="Train" Component="PrinComp" PrincompLabel="PRINCOMPLABEL">
<VariableProperties/>
<EmVariableAttributes>
<DELTA Variable="Commute_Duration_60_" AttributeName="USE" AttributeValue="Y"/>
<DELTA Variable="Commute_Duration_90_" AttributeName="USE" AttributeValue="Y"/>
<DELTA Variable="Employment_rate____population_" AttributeName="USE" AttributeValue="N"/>
<DELTA Variable="Geographic_Area_Name" AttributeName="USE" AttributeValue="N"/>
<DELTA Variable="Median_household_income" AttributeName="USE" AttributeValue="N"/>
<DELTA Variable="Single_headed_family" AttributeName="USE" AttributeValue="N"/>
<DELTA Variable="gini_index" AttributeName="USE" AttributeValue="N"/>
<DELTA Variable="house_ownership" AttributeName="USE" AttributeValue="N"/>
<DELTA Variable="households_recieving_SNAP" AttributeName="USE" AttributeValue="N"/>
<DELTA Variable="households_with_public_assistanc" AttributeName="USE" AttributeValue="N"/>
</EmVariableAttributes>
<EmTargetAttributes/>
<EmFileProperties>
<EMNOTES Type="EXTERNAL" Extension="txt">
<Data/>
</EMNOTES>
</EmFileProperties>
</PROPERTIES>
</NODE>
<NODE CLASS="SASHELP.EMMDFY.PRINCOMPANALYSIS.CLASS" COMPONENT="PrinComp" ID="PRINCOMP3" X="1041" Y="163" DESCRIPTION="Principal Components (3)" DIAGRAMID="_ROOT_" PARENTID="" TOOLTYPE="MODIFY" TOOLPREFIX="PRINCOMP">
<PROPERTIES MaxPrincomp="20" CumEigenCutoff="0.99" EigenIncreCutoff="0.001" EigenSource="CORR" ApplyMaxPrincomp="Y" RejectOriginalInputVariables="Y" PrintEigenSourceMatrix="Y" PrincompPrefix="Income_all" HideOriginalInputVariables="Y" NUserSelectedPrincomp="2" ForceRun="N" RunAction="Train" Component="PrinComp" PrincompLabel="PRINCOMPLABEL">
<VariableProperties/>
<EmVariableAttributes>
<DELTA Variable="INCOME_1" AttributeName="USE" AttributeValue="Y"/>
<DELTA Variable="INCOME_2" AttributeName="USE" AttributeValue="N"/>
<DELTA Variable="POVERTY_1" AttributeName="USE" AttributeValue="Y"/>
<DELTA Variable="POVERTY_2" AttributeName="USE" AttributeValue="N"/>
<DELTA Variable="POVERTY_3" AttributeName="USE" AttributeValue="N"/>
</EmVariableAttributes>
<EmTargetAttributes/>
<EmFileProperties>
<EMNOTES Type="EXTERNAL" Extension="txt">
<Data/>
</EMNOTES>
</EmFileProperties>
</PROPERTIES>
</NODE>
<NODE CLASS="SASHELP.EMMDFY.PRINCOMPANALYSIS.CLASS" COMPONENT="PrinComp" ID="PRINCOMP4" X="468" Y="202" DESCRIPTION="Principal Components (4)" DIAGRAMID="_ROOT_" PARENTID="" TOOLTYPE="MODIFY" TOOLPREFIX="PRINCOMP">
<PROPERTIES MaxPrincomp="20" CumEigenCutoff="0.99" EigenIncreCutoff="0.001" EigenSource="CORR" ApplyMaxPrincomp="Y" RejectOriginalInputVariables="Y" PrintEigenSourceMatrix="Y" PrincompPrefix="Poverty" HideOriginalInputVariables="Y" NUserSelectedPrincomp="3" ForceRun="N" RunAction="Train" Component="PrinComp" PrincompLabel="PRINCOMPLABEL">
<VariableProperties/>
<EmVariableAttributes>
<DELTA Variable="Commute_Duration_60_" AttributeName="USE" AttributeValue="N"/>
<DELTA Variable="Commute_Duration_90_" AttributeName="USE" AttributeValue="N"/>
<DELTA Variable="Employment_rate____population_" AttributeName="USE" AttributeValue="N"/>
<DELTA Variable="Geographic_Area_Name" AttributeName="USE" AttributeValue="N"/>
<DELTA Variable="Median_household_income" AttributeName="USE" AttributeValue="N"/>
<DELTA Variable="Single_headed_family" AttributeName="USE" AttributeValue="Y"/>
<DELTA Variable="gini_index" AttributeName="USE" AttributeValue="N"/>
<DELTA Variable="house_ownership" AttributeName="USE" AttributeValue="N"/>
<DELTA Variable="households_recieving_SNAP" AttributeName="USE" AttributeValue="Y"/>
<DELTA Variable="households_with_public_assistanc" AttributeName="USE" AttributeValue="Y"/>
</EmVariableAttributes>
<EmTargetAttributes/>
<EmFileProperties>
<EMNOTES Type="EXTERNAL" Extension="txt">
<Data/>
</EMNOTES>
</EmFileProperties>
</PROPERTIES>
</NODE>
<NODE CLASS="SASHELP.EMMDFY.PRINCOMPANALYSIS.CLASS" COMPONENT="PrinComp" ID="PRINCOMP5" X="569" Y="47" DESCRIPTION="Principal Components (5)" DIAGRAMID="_ROOT_" PARENTID="" TOOLTYPE="MODIFY" TOOLPREFIX="PRINCOMP">
<PROPERTIES MaxPrincomp="20" CumEigenCutoff="0.99" EigenIncreCutoff="0.001" EigenSource="CORR" ApplyMaxPrincomp="Y" RejectOriginalInputVariables="Y" PrintEigenSourceMatrix="N" PrincompPrefix="PC" HideOriginalInputVariables="Y" NUserSelectedPrincomp="3" ForceRun="N" RunAction="Train" Component="PrinComp" PrincompLabel="PRINCOMPLABEL">
<VariableProperties/>
<EmVariableAttributes>
<DELTA Variable="Commute_Duration_60_" AttributeName="USE" AttributeValue="Y"/>
<DELTA Variable="Commute_Duration_90_" AttributeName="USE" AttributeValue="Y"/>
<DELTA Variable="Employment_rate____population_" AttributeName="USE" AttributeValue="Y"/>
<DELTA Variable="Geographic_Area_Name" AttributeName="USE" AttributeValue="N"/>
<DELTA Variable="Median_household_income" AttributeName="USE" AttributeValue="N"/>
<DELTA Variable="Single_headed_family" AttributeName="USE" AttributeValue="N"/>
<DELTA Variable="gini_index" AttributeName="USE" AttributeValue="N"/>
<DELTA Variable="house_ownership" AttributeName="USE" AttributeValue="N"/>
<DELTA Variable="households_recieving_SNAP" AttributeName="USE" AttributeValue="N"/>
<DELTA Variable="households_with_public_assistanc" AttributeName="USE" AttributeValue="N"/>
</EmVariableAttributes>
<EmTargetAttributes/>
<EmFileProperties>
<EMNOTES Type="EXTERNAL" Extension="txt">
<Data/>
</EMNOTES>
</EmFileProperties>
</PROPERTIES>
</NODE>
<NODE CLASS="SASHELP.EMMDFY.PRINCOMPANALYSIS.CLASS" COMPONENT="PrinComp" ID="PRINCOMP6" X="294" Y="48" DESCRIPTION="Principal Components (6)" DIAGRAMID="_ROOT_" PARENTID="" TOOLTYPE="MODIFY" TOOLPREFIX="PRINCOMP">
<PROPERTIES MaxPrincomp="20" CumEigenCutoff="0.99" EigenIncreCutoff="0.001" EigenSource="CORR" ApplyMaxPrincomp="Y" RejectOriginalInputVariables="Y" PrintEigenSourceMatrix="N" PrincompPrefix="PC" HideOriginalInputVariables="Y" NUserSelectedPrincomp="5" ForceRun="N" RunAction="Train" Component="PrinComp" PrincompLabel="PRINCOMPLABEL">
<VariableProperties/>
<EmVariableAttributes>
<DELTA Variable="Commute_Duration_60_" AttributeName="USE" AttributeValue="N"/>
<DELTA Variable="Commute_Duration_90_" AttributeName="USE" AttributeValue="N"/>
<DELTA Variable="Employment_rate____population_" AttributeName="USE" AttributeValue="N"/>
<DELTA Variable="Geographic_Area_Name" AttributeName="USE" AttributeValue="N"/>
<DELTA Variable="Median_household_income" AttributeName="USE" AttributeValue="Y"/>
<DELTA Variable="Single_headed_family" AttributeName="USE" AttributeValue="Y"/>
<DELTA Variable="gini_index" AttributeName="USE" AttributeValue="N"/>
<DELTA Variable="house_ownership" AttributeName="USE" AttributeValue="Y"/>
<DELTA Variable="households_recieving_SNAP" AttributeName="USE" AttributeValue="Y"/>
<DELTA Variable="households_with_public_assistanc" AttributeName="USE" AttributeValue="Y"/>
</EmVariableAttributes>
<EmTargetAttributes/>
<EmFileProperties>
<EMNOTES Type="EXTERNAL" Extension="txt">
<Data/>
</EMNOTES>
</EmFileProperties>
</PROPERTIES>
</NODE>
<NODE CLASS="SASHELP.EMMDFY.PRINCOMPANALYSIS.CLASS" COMPONENT="PrinComp" ID="PRINCOMP7" X="1050" Y="260" DESCRIPTION="Principal Components (7)" DIAGRAMID="_ROOT_" PARENTID="" TOOLTYPE="MODIFY" TOOLPREFIX="PRINCOMP">
<PROPERTIES MaxPrincomp="20" CumEigenCutoff="0.99" EigenIncreCutoff="0.001" EigenSource="CORR" ApplyMaxPrincomp="Y" RejectOriginalInputVariables="Y" PrintEigenSourceMatrix="Y" PrincompPrefix="Employment_all" HideOriginalInputVariables="Y" NUserSelectedPrincomp="2" ForceRun="N" RunAction="Train" Component="PrinComp" PrincompLabel="PRINCOMPLABEL">
<VariableProperties/>
<EmVariableAttributes>
<DELTA Variable="COMMUTE_1" AttributeName="USE" AttributeValue="Y"/>
<DELTA Variable="COMMUTE_2" AttributeName="USE" AttributeValue="N"/>
<DELTA Variable="Employment_rate____population_" AttributeName="USE" AttributeValue="Y"/>
</EmVariableAttributes>
<EmTargetAttributes/>
<EmFileProperties>
<EMNOTES Type="EXTERNAL" Extension="txt">
<Data/>
</EMNOTES>
</EmFileProperties>
</PROPERTIES>
</NODE>
<NODE CLASS="SASHELP.EMMDFY.PRINCOMPANALYSIS.CLASS" COMPONENT="PrinComp" ID="PRINCOMP8" X="1048" Y="410" DESCRIPTION="Principal Components (8)" DIAGRAMID="_ROOT_" PARENTID="" TOOLTYPE="MODIFY" TOOLPREFIX="PRINCOMP">
<PROPERTIES MaxPrincomp="20" CumEigenCutoff="0.99" EigenIncreCutoff="0.001" EigenSource="CORR" ApplyMaxPrincomp="Y" RejectOriginalInputVariables="Y" PrintEigenSourceMatrix="N" PrincompPrefix="PC" HideOriginalInputVariables="Y" NUserSelectedPrincomp="2" ForceRun="N" RunAction="Train" Component="PrinComp" PrincompLabel="PRINCOMPLABEL">
<VariableProperties/>
<EmVariableAttributes>
<DELTA Variable="EMPLOYMENT_ALL_1" AttributeName="USE" AttributeValue="Y"/>
<DELTA Variable="EMPLOYMENT_ALL_2" AttributeName="USE" AttributeValue="N"/>
<DELTA Variable="INCOME_ALL_1" AttributeName="USE" AttributeValue="Y"/>
<DELTA Variable="INCOME_ALL_2" AttributeName="USE" AttributeValue="N"/>
</EmVariableAttributes>
<EmTargetAttributes/>
<EmFileProperties>
<EMNOTES Type="EXTERNAL" Extension="txt">
<Data/>
</EMNOTES>
</EmFileProperties>
</PROPERTIES>
</NODE>
<NODE CLASS="SASHELP.EMCORE.EXTENSION.CLASS" COMPONENT="VariableClustering" ID="VarClus" X="429" Y="981" DESCRIPTION="Variable Clustering" DIAGRAMID="_ROOT_" PARENTID="" TOOLTYPE="EXPLORE" TOOLPREFIX="VarClus">
<PROPERTIES Location="CATALOG" Catalog="SASHELP.EMEXPL.VARIABLECLUSTERING.SOURCE" HideVariable="Y" MaxClus="." ClusSource="CORR" ClusHierachy="Y" IncludeClassVar="N" TwoStageClus="AUTO" SuppressSampWarn="N" ExportedComp="CLUSTERCOMP" MaxEigen="." Proportion="0" PrintOption="SHORT" ForceRun="N" RunAction="Train" Component="VariableClustering" DataNeeded="Y">
<VariableProperties/>
<EmVariableAttributes/>
<EmTargetAttributes/>
<EmFileProperties>
<USERTRAINCODE Type="EXTERNAL" Extension="sas">
<Data/>
</USERTRAINCODE>
<EMNOTES Type="EXTERNAL" Extension="txt">
<Data/>
</EMNOTES>
</EmFileProperties>
</PROPERTIES>
</NODE>
<NODE CLASS="SASHELP.EMCORE.EXTENSION.CLASS" COMPONENT="VariableClustering" ID="VarClus2" X="519" Y="421" DESCRIPTION="Variable Clustering (2)" DIAGRAMID="_ROOT_" PARENTID="" TOOLTYPE="EXPLORE" TOOLPREFIX="VarClus">
<PROPERTIES Location="CATALOG" Catalog="SASHELP.EMEXPL.VARIABLECLUSTERING.SOURCE" HideVariable="Y" MaxClus="." ClusSource="CORR" ClusHierachy="Y" IncludeClassVar="N" TwoStageClus="AUTO" SuppressSampWarn="N" ExportedComp="CLUSTERCOMP" MaxEigen="." Proportion="0" PrintOption="ALL" ForceRun="N" RunAction="Train" Component="VariableClustering" DataNeeded="Y">
<VariableProperties/>
<EmVariableAttributes>
<DELTA Variable="Commute_Duration_60_" AttributeName="USE" AttributeValue="Y"/>
<DELTA Variable="Commute_Duration_90_" AttributeName="USE" AttributeValue="Y"/>
<DELTA Variable="Employment_rate____population_" AttributeName="USE" AttributeValue="Y"/>
<DELTA Variable="Geographic_Area_Name" AttributeName="USE" AttributeValue="N"/>
<DELTA Variable="Median_household_income" AttributeName="USE" AttributeValue="Y"/>
<DELTA Variable="Single_headed_family" AttributeName="USE" AttributeValue="Y"/>
<DELTA Variable="gini_index" AttributeName="USE" AttributeValue="N"/>
<DELTA Variable="house_ownership" AttributeName="USE" AttributeValue="Y"/>
<DELTA Variable="households_recieving_SNAP" AttributeName="USE" AttributeValue="Y"/>
<DELTA Variable="households_with_public_assistanc" AttributeName="USE" AttributeValue="Y"/>
<DELTA Variable="id" AttributeName="USE" AttributeValue="N"/>
</EmVariableAttributes>
<EmTargetAttributes/>
<EmFileProperties>
<USERTRAINCODE Type="EXTERNAL" Extension="sas">
<Data/>
</USERTRAINCODE>
<EMNOTES Type="EXTERNAL" Extension="txt">
<Data/>
</EMNOTES>
</EmFileProperties>
</PROPERTIES>
</NODE>
</NODES>
<CONNECTIONS>
<CONNECTION FROM="FIMPORT8" TO="VarClus"/>
<CONNECTION FROM="FIMPORT9" TO="PRINCOMP11"/>
<CONNECTION FROM="PRINCOMP11" TO="EMSave9"/>
<CONNECTION FROM="FIMPORT10" TO="PRINCOMP12"/>
<CONNECTION FROM="PRINCOMP12" TO="EMSave10"/>
<CONNECTION FROM="FIMPORT11" TO="PRINCOMP13"/>
<CONNECTION FROM="PRINCOMP13" TO="EMSave11"/>
<CONNECTION FROM="FIMPORT12" TO="PRINCOMP15"/>
<CONNECTION FROM="FIMPORT12" TO="PRINCOMP14"/>
<CONNECTION FROM="PRINCOMP15" TO="EMSave12"/>
<CONNECTION FROM="FIMPORT2" TO="PRINCOMP5"/>
<CONNECTION FROM="FIMPORT2" TO="PRINCOMP6"/>
<CONNECTION FROM="FIMPORT2" TO="VarClus2"/>
<CONNECTION FROM="FIMPORT2" TO="PRINCOMP4"/>
<CONNECTION FROM="FIMPORT2" TO="PRINCOMP2"/>
<CONNECTION FROM="FIMPORT2" TO="PRINCOMP"/>
<CONNECTION FROM="PRINCOMP" TO="EMSave"/>
<CONNECTION FROM="PRINCOMP2" TO="EMSave2"/>
<CONNECTION FROM="PRINCOMP4" TO="EMSave3"/>
<CONNECTION FROM="FIMPORT4" TO="PRINCOMP3"/>
<CONNECTION FROM="PRINCOMP3" TO="EMSave4"/>
<CONNECTION FROM="FIMPORT5" TO="PRINCOMP7"/>
<CONNECTION FROM="PRINCOMP7" TO="EMSave5"/>
<CONNECTION FROM="FIMPORT6" TO="PRINCOMP8"/>
<CONNECTION FROM="PRINCOMP8" TO="EMSave6"/>
</CONNECTIONS>
<NOTES>
<DATA><![CDATA[

]]>
</DATA>
</NOTES>
</Workspace>
</_ROOT_>
